EC-WeW-1	Box1-47614
EC-WeW-31	Box1-Vial-58-53412
EC-WeW-2	Box1-Vial10-WC-18-51913
EC-WeW-3	Box1-Vial12-WC-18-52625
EC-WeW-4	Box1-Vial14--WC-18-52701
EC-WeW-5	Box1-Vial15-WC-18-52702
EC-WeW-6	Box1-Vial16-53026
EC-WeW-7	Box1-Vial17-53133
EC-WeW-8	Box1-Vial18-WC-53360
EC-WeW-9	Box1-Vial22-61210
EC-WeW-10	Box1-Vial24-64897
EC-WeW-11	Box1-Vial26-68017
EC-WeW-12	Box1-Vial27-WC-18-68207
EC-WeW-13	Box1-Vial28-WC-68409
EC-WeW-14	Box1-Vial29-68525
EC-WeW-21	Box1-Vial3-E-1325163
EC-WeW-15	Box1-Vial30-71567
EC-WeW-16	Box1-Vial31-72947
EC-WeW-17	Box1-Vial33-7844
EC-WeW-18	Box1-Vial37-WC-19-19221
EC-WeW-19	Box1-Vial38-WC-19-19193
EC-WeW-20	Box1-Vial39-WC-19-21700
EC-WeW-22	Box1-Vial41-23081
EC-WeW-23	Box1-Vial43-36013
EC-WeW-24	Box1-Vial44-38078
EC-WeW-25	Box1-Vial45-WC-19-42229
EC-WeW-26	Box1-Vial46-WC-19-41983
EC-WeW-27	Box1-Vial53-51337
EC-WeW-28	Box1-Vial54-51576
EC-WeW-29	Box1-Vial56-52345
EC-WeW-30	Box1-Vial57-53398
EC-WeW-32	Box1-Vial60-54608
EC-WeW-33	Box1-Vial63-59282
EC-WeW-34	Box1-Vial66-62810
EC-WeW-38	Box1-Vial7-50869
EC-WeW-35	Box1-Vial72-68304
EC-WeW-36	Box1-Vial73-68386
EC-WeW-37	Box1-Vial74-43743
EC-WeW-39	Box1-Vial76-69675
EC-WeW-40	Box1-Vial77-70249
EC-WeW-41	Box1-Vial78-70914
EC-WeW-42	Box1-Vial79-WC-19-72281
EC-WeW-45	Box1-Vial8-51114
EC-WeW-43	Box1-Vial80-79335
EC-WeW-44	Box1-Vial81-78416
EC-WeW-46	Box1-WC-51009
EC-WeW-47	Box2-Vial5-83579
EC-WeW-48	Box2-Vial6-87309
EC-WW-49	Box51-Plate149-e11
EC-WW-50	Box51-Plate149-g10
EC-WW-51	Box51-Plate151-e1
EC-WW-52	Box51-Plate151-h5
EC-WW-53	Box52-Plate152-h9
EC-WW-54	Box53-Plate155-h8
EC-WW-55	Box54-Plate158-e11
EC-WW-56	Box54-Plate160-g6
EC-WW-57	Box55-Plate162-f10
EC-WW-58	Box55-Plate163-h11
EC-WW-59	Box56-Plate165-h6
EC-WW-60	Box56-Plate166-c7
EC-WW-61	Box57-Plate168-f4
EC-WW-62	Box57-Plate169-h5
EC-WW-63	Box58-Plate171-f7
EC-WW-64	Box59-Plate173-e2
EC-WW-65	Box59-Plate174-f3
EC-WW-66	Box60-Plate177-a2
EC-WW-67	Box61-Plate180-f7
EC-WW-68	Box61-Plate181-f4
EC-WW-69	Box62-Plate182-e7
EC-WW-70	Box62-Plate182-h5
EC-WW-71	Box62-Plate183-g6
EC-WW-72	Box62-Plate184-H7
EC-WW-73	Box63-Plate187-h9
EC-WW-74	Box64-Plate188-B12
EC-WW-75	Box64-Plate188-H8
EC-WW-76	Box66-Plate195-c1
EC-WW-78	Box66-Plate196-G3
EC-WW-77	Box66-Plate196-c4
EC-WW-79	Box68-Plate202-e4
EC-WW-80	Box69-Plate204-E9
EC-WW-82	Box70-Plate206-E10
EC-WW-81	Box70-Plate206-c8
EC-WW-83	Box70-Plate207-f1
EC-WW-84	Box70-Plate208-e10
EC-WW-85	Box71-Plate209-d6
EC-WW-86	Box71-Plate209-g4
EC-WW-87	Box71-Plate210-c5
EC-WW-88	Box71-Plate210-g7
EC-WW-89	Box71-Plate211-c12
EC-WW-90	Box74-Plate218-c1
EC-WW-91	Box74-Plate218-g9
EC-WW-92	Box74-Plate220-a11
EC-WW-93	Box74-Plate220-a8
EC-WW-94	Box75-Plate222-b11
EC-WW-95	Box75-Plate222-f8
EC-WW-96	Box76-Plate224-h11
EC-BC-97	EC01SH18588003401
EC-BC-98	EC01SH18588007901
EC-BC-99	EC01SH18588010701
EC-BC-100	EC01SH18588015301
EC-BC-101	EC01SH18588022201
EC-BC-102	EC01SH18588026201
EC-BC-103	EC01SH18588026301
EC-BC-104	EC01SH18588026901
EC-BC-105	EC01SH18588029001
EC-BC-106	EC01SH18588029201
EC-BC-107	EC01SH18588033301
EC-BC-108	EC01SH18588033701
EC-BC-109	EC01SH18588034001
EC-BC-110	EC01SH18588039301
EC-BC-111	EC01SH18588043801
EC-BC-112	EC01SH18588043901
EC-BC-113	EC01SH18588045101
EC-BC-114	EC01SH18588045201
EC-BC-115	EC01SH18588049701
EC-BC-116	EC01SH18588052101
EC-BC-117	EC01SH18588052201
EC-FC-145	EC01SH18618000201
EC-FC-146	EC01SH18618002901
EC-FC-147	EC01SH18618003101
EC-FC-148	EC01SH18618003901
EC-FC-149	EC01SH18618004501
EC-FC-150	EC01SH18618004701
EC-FC-151	EC01SH18618004901
EC-FC-152	EC01SH18618006501
EC-FC-153	EC01SH18618007401
EC-FC-154	EC01SH18618007501
EC-FC-155	EC01SH18618009501
EC-FC-156	EC01SH18618011301
EC-RMC-193	EC01SH187022901
EC-RMC-194	EC01SH187100301
EC-RMB-195	EC01SH187104501
EC-RMB-196	EC01SH187104801
EC-RMC-197	EC01SH187105001
EC-BC-118	EC01SH19588001701
EC-BC-119	EC01SH19588005101
EC-BC-120	EC01SH19588005201
EC-BC-121	EC01SH19588013501
EC-BC-122	EC01SH19588014101
EC-BC-123	EC01SH19588014301
EC-BC-124	EC01SH19588019501
EC-BC-125	EC01SH19588019901
EC-BC-126	EC01SH19588021001
EC-BC-127	EC01SH19588021301
EC-BC-128	EC01SH19588022301
EC-BC-129	EC01SH19588022401
EC-BC-130	EC01SH19588024401
EC-BC-131	EC01SH19588027901
EC-BC-132	EC01SH19588028101
EC-BC-133	EC01SH19588028401
EC-BC-134	EC01SH19588028801
EC-BC-135	EC01SH19588031401
EC-BC-136	EC01SH19588031501
EC-BC-137	EC01SH19588031601
EC-BC-138	EC01SH19588032501
EC-BC-139	EC01SH19588033001
EC-BC-140	EC01SH19588033401
EC-BC-141	EC01SH19588038801
EC-BC-142	EC01SH19588046301
EC-BC-143	EC01SH19588048701
EC-BC-144	EC01SH19588048901
EC-FC-157	EC01SH19618001801
EC-FC-158	EC01SH19618002001
EC-FC-159	EC01SH19618002401
EC-FC-160	EC01SH19618002601
EC-FC-161	EC01SH19618005001
EC-FC-162	EC01SH19618005501
EC-FC-163	EC01SH19618005601
EC-FC-164	EC01SH19618006001
EC-FC-165	EC01SH19618007501
EC-FC-166	EC01SH19618008701
EC-FC-167	EC01SH19618010901
EC-FC-168	EC01SH19618011601
EC-FC-169	EC01SH19618011801
EC-FC-170	EC01SH19618012201
EC-FC-171	EC01SH19618012401
EC-FC-172	EC01SH19618012501
EC-FC-173	EC01SH19618013301
EC-FC-174	EC01SH19618015401
EC-FC-175	EC01SH19618015701
EC-FC-176	EC01SH19618016401
EC-FC-177	EC01SH19618016601
EC-FC-178	EC01SH19618017501
EC-FC-179	EC01SH19618017901
EC-FC-180	EC01SH19618018201
EC-FC-181	EC01SH19618018301
EC-FC-182	EC01SH19618019001
EC-FC-183	EC01SH19618019501
EC-FC-184	EC01SH19618020401
EC-FC-185	EC01SH19618020601
EC-FC-186	EC01SH19618021501
EC-FC-187	EC01SH19618026401
EC-FC-188	EC01SH19618028101
EC-FC-189	EC01SH19618028501
EC-FC-190	EC01SH19618028801
EC-FC-191	EC01SH19618035301
EC-FC-192	EC01SH19618035901
EC-RMB-198	EC01SH197040201
EC-RMC-199	EC2018AMR0059
EC-RMB-200	EC2018AMR0063
EC-RMC-201	EC2018AMR0064
EC-RMC-202	EC2018AMR0065
EC-RMB-203	EC2018AMR0066
EC-RMB-204	EC2018AMR0067
EC-RMC-205	EC2018AMR0070
EC-RMC-206	EC2018AMR0459
EC-RMC-207	EC2018AMR0470
EC-RMC-208	EC2018AMR0472
EC-RMB-209	EC2018AMR0584
EC-RMB-210	EC2018AMR0586
EC-RMC-211	EC2018AMR0592
EC-RMB-212	EC2018AMR0697
EC-RMC-213	EC2018AMR0702
EC-RMC-214	EC2018AMR0823
EC-RMB-215	EC2018AMR0826
EC-RMB-216	EC2018AMR0828
EC-RMB-217	EC2018AMR0841
EC-RMC-218	EC2018AMR0844
EC-RMC-219	EC2018AMR0943
EC-RMB-220	EC2018AMR0947
EC-RMB-221	EC2018AMR0956
EC-RMB-222	EC2018AMR0958
EC-RMC-223	EC2018AMR0964
EC-RMC-224	EC2018AMR1051
EC-RMB-225	EC2018AMR1054
EC-RMC-226	EC2018AMR1059
EC-RMC-227	EC2018AMR1188
EC-RMB-228	EC2018AMR1191
EC-RMC-229	EC2018AMR1206
EC-RMB-230	EC2018AMR1209
EC-RMC-231	EC2018AMR1211
EC-RMC-232	EC2018AMR1212
EC-RMB-233	EC2018AMR1317
EC-RMC-234	EC2018AMR1321
EC-RMB-235	EC2018AMR1493
EC-RMC-236	EC2018AMR1494
EC-RMB-237	EC2018AMR1495
EC-RMB-238	EC2018AMR1497
EC-RMC-239	EC2018AMR1498
EC-RMC-240	EC2018AMR1502
EC-RMC-241	EC2018AMR1505
EC-RMB-242	EC2018AMR1506
EC-RMB-243	EC2018AMR1509
EC-RMB-244	EC2018AMR1510
EC-RMC-245	EC2018AMR1511
EC-RMB-246	EC2018AMR1645
EC-RMB-247	EC2018AMR1649
EC-RMB-248	EC2018AMR1655
EC-RMC-249	EC2019AMR0080
EC-RMC-250	EC2019AMR0095
EC-RMC-251	EC2019AMR0096
EC-RMB-252	EC2019AMR0190
EC-RMB-253	EC2019AMR0193
EC-RMB-254	EC2019AMR0196
EC-RMB-255	EC2019AMR0289
EC-RMC-256	EC2019AMR0290
EC-RMB-257	EC2019AMR0292
EC-RMC-258	EC2019AMR0293
EC-RMC-259	EC2019AMR0297
EC-RMB-260	EC2019AMR0413
EC-RMB-261	EC2019AMR0431
EC-RMC-262	EC2019AMR0514
EC-RMB-263	EC2019AMR0518
EC-RMB-264	EC2019AMR0520
EC-RMC-265	EC2019AMR0521
EC-RMC-266	EC2019AMR0621
EC-RMC-267	EC2019AMR0627
EC-RMB-268	EC2019AMR0631
EC-RMC-269	EC2019AMR0634
EC-RMB-270	EC2019AMR0740
EC-RMC-271	EC2019AMR0741
EC-RMC-272	EC2019AMR0743
EC-RMB-273	EC2019AMR0750
EC-RMB-274	EC2019AMR0756
EC-RMC-275	EC2019AMR0851
EC-RMB-276	EC2019AMR0854
EC-RMB-277	EC2019AMR0967
EC-RMB-278	EC2019AMR0969
EC-RMC-279	EC2019AMR0971
EC-RMB-280	EC2019AMR1073
EC-RMC-281	EC2019AMR1078
EC-RMC-282	EC2019AMR1091
EC-RMC-283	EC2019AMR1097
EC-RMB-284	EC2019AMR1176
EC-RMC-285	EC2019AMR1183
EC-RMC-286	EC2019AMR1186
EC-RMB-287	EC2019AMR1187
