new names	metadata	pointfinder prefix	resfinder prefix	identity point-res finder	pointfinder file name	new pointfinder file name	new resfinder file name	new resfinder file name
EC-WeW-1	Box1-47614	Box1-47614	Box1-47614	0	Box1-47614-CTGTCAGA_PointFinder_results.txt	EC-WeW-1_PointFinder_results.txt	Box1-47614-CTGTCAGA_ResFinder_results_tab.txt	EC-WeW-1_ResFinder_results_tab.txt
EC-WeW-31	Box1-Vial-58-53412	Box1-Vial-58-53412	Box1-Vial-58-53412	0	Box1-Vial-58-53412-TAGGCCAT_PointFinder_results.txt	EC-WeW-31_PointFinder_results.txt	Box1-Vial-58-53412-TAGGCCAT_ResFinder_results_tab.txt	EC-WeW-31_ResFinder_results_tab.txt
EC-WeW-2	Box1-Vial10-WC-18-51913	Box1-Vial10-WC-18-51913	Box1-Vial10-WC-18-51913	0	Box1-Vial10-WC-18-51913-CTCTCAGT_PointFinder_results.txt	EC-WeW-2_PointFinder_results.txt	Box1-Vial10-WC-18-51913-CTCTCAGT_ResFinder_results_tab.txt	EC-WeW-2_ResFinder_results_tab.txt
EC-WeW-3	Box1-Vial12-WC-18-52625	Box1-Vial12-WC-18-52625	Box1-Vial12-WC-18-52625	0	Box1-Vial12-WC-18-52625-GTACTGCA_PointFinder_results.txt	EC-WeW-3_PointFinder_results.txt	Box1-Vial12-WC-18-52625-GTACTGCA_ResFinder_results_tab.txt	EC-WeW-3_ResFinder_results_tab.txt
EC-WeW-4	Box1-Vial14--WC-18-52701	Box1-Vial14--WC-18-52701	Box1-Vial14--WC-18-52701	0	Box1-Vial14--WC-18-52701-CTTCCATG_PointFinder_results.txt	EC-WeW-4_PointFinder_results.txt	Box1-Vial14--WC-18-52701-CTTCCATG_ResFinder_results_tab.txt	EC-WeW-4_ResFinder_results_tab.txt
EC-WeW-5	Box1-Vial15-WC-18-52702	Box1-Vial15-WC-18-52702	Box1-Vial15-WC-18-52702	0	Box1-Vial15-WC-18-52702-TACGAACC_PointFinder_results.txt	EC-WeW-5_PointFinder_results.txt	Box1-Vial15-WC-18-52702-TACGAACC_ResFinder_results_tab.txt	EC-WeW-5_ResFinder_results_tab.txt
EC-WeW-6	Box1-Vial16-53026	Box1-Vial16-53026	Box1-Vial16-53026	0	Box1-Vial16-53026-TACCATGG_PointFinder_results.txt	EC-WeW-6_PointFinder_results.txt	Box1-Vial16-53026-TACCATGG_ResFinder_results_tab.txt	EC-WeW-6_ResFinder_results_tab.txt
EC-WeW-7	Box1-Vial17-53133	Box1-Vial17-53133	Box1-Vial17-53133	0	Box1-Vial17-53133-AGCTAGCT_PointFinder_results.txt	EC-WeW-7_PointFinder_results.txt	Box1-Vial17-53133-AGCTAGCT_ResFinder_results_tab.txt	EC-WeW-7_ResFinder_results_tab.txt
EC-WeW-8	Box1-Vial18-WC-53360	Box1-Vial18-WC-53360	Box1-Vial18-WC-53360	0	Box1-Vial18-WC-53360-AGGTAGGT_PointFinder_results.txt	EC-WeW-8_PointFinder_results.txt	Box1-Vial18-WC-53360-AGGTAGGT_ResFinder_results_tab.txt	EC-WeW-8_ResFinder_results_tab.txt
EC-WeW-9	Box1-Vial22-61210	Box1-Vial22-61210	Box1-Vial22-61210	0	Box1-Vial22-61210-CAGTCAGT_PointFinder_results.txt	EC-WeW-9_PointFinder_results.txt	Box1-Vial22-61210-CAGTCAGT_ResFinder_results_tab.txt	EC-WeW-9_ResFinder_results_tab.txt
EC-WeW-10	Box1-Vial24-64897	Box1-Vial24-64897	Box1-Vial24-64897	0	Box1-Vial24-64897-CAAGCTTG_PointFinder_results.txt	EC-WeW-10_PointFinder_results.txt	Box1-Vial24-64897-CAAGCTTG_ResFinder_results_tab.txt	EC-WeW-10_ResFinder_results_tab.txt
EC-WeW-11	Box1-Vial26-68017	Box1-Vial26-68017	Box1-Vial26-68017	0	Box1-Vial26-68017-AACCTTGG_PointFinder_results.txt	EC-WeW-11_PointFinder_results.txt	Box1-Vial26-68017-AACCTTGG_ResFinder_results_tab.txt	EC-WeW-11_ResFinder_results_tab.txt
EC-WeW-12	Box1-Vial27-WC-18-68207	Box1-Vial27-WC-18-68207	Box1-Vial27-WC-18-68207	0	Box1-Vial27-WC-18-68207-ATCGTAGC_PointFinder_results.txt	EC-WeW-12_PointFinder_results.txt	Box1-Vial27-WC-18-68207-ATCGTAGC_ResFinder_results_tab.txt	EC-WeW-12_ResFinder_results_tab.txt
EC-WeW-13	Box1-Vial28-WC-68409	Box1-Vial28-WC-68409	Box1-Vial28-WC-68409	0	Box1-Vial28-WC-68409-CACTAGAC_PointFinder_results.txt	EC-WeW-13_PointFinder_results.txt	Box1-Vial28-WC-68409-CACTAGAC_ResFinder_results_tab.txt	EC-WeW-13_ResFinder_results_tab.txt
EC-WeW-14	Box1-Vial29-68525	Box1-Vial29-68525	Box1-Vial29-68525	0	Box1-Vial29-68525-GCTTCCTA_PointFinder_results.txt	EC-WeW-14_PointFinder_results.txt	Box1-Vial29-68525-GCTTCCTA_ResFinder_results_tab.txt	EC-WeW-14_ResFinder_results_tab.txt
EC-WeW-21	Box1-Vial3-E-1325163	Box1-Vial3-E-1325163	Box1-Vial3-E-1325163	0	Box1-Vial3-E-1325163-CGTACGTA_PointFinder_results.txt	EC-WeW-21_PointFinder_results.txt	Box1-Vial3-E-1325163-CGTACGTA_ResFinder_results_tab.txt	EC-WeW-21_ResFinder_results_tab.txt
EC-WeW-15	Box1-Vial30-71567	Box1-Vial30-71567	Box1-Vial30-71567	0	Box1-Vial30-71567-GCTTAACG_PointFinder_results.txt	EC-WeW-15_PointFinder_results.txt	Box1-Vial30-71567-GCTTAACG_ResFinder_results_tab.txt	EC-WeW-15_ResFinder_results_tab.txt
EC-WeW-16	Box1-Vial31-72947	Box1-Vial31-72947	Box1-Vial31-72947	0	Box1-Vial31-72947-GTACCAAC_PointFinder_results.txt	EC-WeW-16_PointFinder_results.txt	Box1-Vial31-72947-GTACCAAC_ResFinder_results_tab.txt	EC-WeW-16_ResFinder_results_tab.txt
EC-WeW-17	Box1-Vial33-7844	Box1-Vial33-7844	Box1-Vial33-7844	0	Box1-Vial33-7844-GAAGTCCT_PointFinder_results.txt	EC-WeW-17_PointFinder_results.txt	Box1-Vial33-7844-GAAGTCCT_ResFinder_results_tab.txt	EC-WeW-17_ResFinder_results_tab.txt
EC-WeW-18	Box1-Vial37-WC-19-19221	Box1-Vial37-WC-19-19221	Box1-Vial37-WC-19-19221	0	Box1-Vial37-WC-19-19221-CCAATACG_PointFinder_results.txt	EC-WeW-18_PointFinder_results.txt	Box1-Vial37-WC-19-19221-CCAATACG_ResFinder_results_tab.txt	EC-WeW-18_ResFinder_results_tab.txt
EC-WeW-19	Box1-Vial38-WC-19-19193	Box1-Vial38-WC-19-19193	Box1-Vial38-WC-19-19193	0	Box1-Vial38-WC-19-19193-AGCTCTAG_PointFinder_results.txt	EC-WeW-19_PointFinder_results.txt	Box1-Vial38-WC-19-19193-AGCTCTAG_ResFinder_results_tab.txt	EC-WeW-19_ResFinder_results_tab.txt
EC-WeW-20	Box1-Vial39-WC-19-21700	Box1-Vial39-WC-19-21700	Box1-Vial39-WC-19-21700	0	Box1-Vial39-WC-19-21700-CGTAGCTA_PointFinder_results.txt	EC-WeW-20_PointFinder_results.txt	Box1-Vial39-WC-19-21700-CGTAGCTA_ResFinder_results_tab.txt	EC-WeW-20_ResFinder_results_tab.txt
EC-WeW-22	Box1-Vial41-23081	Box1-Vial41-23081	Box1-Vial41-23081	0	Box1-Vial41-23081-CTCTCACA_PointFinder_results.txt	EC-WeW-22_PointFinder_results.txt	Box1-Vial41-23081-CTCTCACA_ResFinder_results_tab.txt	EC-WeW-22_ResFinder_results_tab.txt
EC-WeW-23	Box1-Vial43-36013	Box1-Vial43-36013	Box1-Vial43-36013	0	Box1-Vial43-36013-TGACCACA_PointFinder_results.txt	EC-WeW-23_PointFinder_results.txt	Box1-Vial43-36013-TGACCACA_ResFinder_results_tab.txt	EC-WeW-23_ResFinder_results_tab.txt
EC-WeW-24	Box1-Vial44-38078	Box1-Vial44-38078	Box1-Vial44-38078	0	Box1-Vial44-38078-ATCCGGTA_PointFinder_results.txt	EC-WeW-24_PointFinder_results.txt	Box1-Vial44-38078-ATCCGGTA_ResFinder_results_tab.txt	EC-WeW-24_ResFinder_results_tab.txt
EC-WeW-25	Box1-Vial45-WC-19-42229	Box1-Vial45-WC-19-42229	Box1-Vial45-WC-19-42229	0	Box1-Vial45-WC-19-42229-GACATCAC_PointFinder_results.txt	EC-WeW-25_PointFinder_results.txt	Box1-Vial45-WC-19-42229-GACATCAC_ResFinder_results_tab.txt	EC-WeW-25_ResFinder_results_tab.txt
EC-WeW-26	Box1-Vial46-WC-19-41983	Box1-Vial46-WC-19-41983	Box1-Vial46-WC-19-41983	0	Box1-Vial46-WC-19-41983-TCGATGGT_PointFinder_results.txt	EC-WeW-26_PointFinder_results.txt	Box1-Vial46-WC-19-41983-TCGATGGT_ResFinder_results_tab.txt	EC-WeW-26_ResFinder_results_tab.txt
EC-WeW-27	Box1-Vial53-51337	Box1-Vial53-51337	Box1-Vial53-51337	0	Box1-Vial53-51337-TGGTACGT_PointFinder_results.txt	EC-WeW-27_PointFinder_results.txt	Box1-Vial53-51337-TGGTACGT_ResFinder_results_tab.txt	EC-WeW-27_ResFinder_results_tab.txt
EC-WeW-28	Box1-Vial54-51576	Box1-Vial54-51576	Box1-Vial54-51576	0	Box1-Vial54-51576-GATGCATC_PointFinder_results.txt	EC-WeW-28_PointFinder_results.txt	Box1-Vial54-51576-GATGCATC_ResFinder_results_tab.txt	EC-WeW-28_ResFinder_results_tab.txt
EC-WeW-29	Box1-Vial56-52345	Box1-Vial56-52345	Box1-Vial56-52345	0	Box1-Vial56-52345-CTTCCAAC_PointFinder_results.txt	EC-WeW-29_PointFinder_results.txt	Box1-Vial56-52345-CTTCCAAC_ResFinder_results_tab.txt	EC-WeW-29_ResFinder_results_tab.txt
EC-WeW-30	Box1-Vial57-53398	Box1-Vial57-53398	Box1-Vial57-53398	0	Box1-Vial57-53398-ACACGTGT_PointFinder_results.txt	EC-WeW-30_PointFinder_results.txt	Box1-Vial57-53398-ACACGTGT_ResFinder_results_tab.txt	EC-WeW-30_ResFinder_results_tab.txt
EC-WeW-32	Box1-Vial60-54608	Box1-Vial60-54608	Box1-Vial60-54608	0	Box1-Vial60-54608-TCGAGTTG_PointFinder_results.txt	EC-WeW-32_PointFinder_results.txt	Box1-Vial60-54608-TCGAGTTG_ResFinder_results_tab.txt	EC-WeW-32_ResFinder_results_tab.txt
EC-WeW-33	Box1-Vial63-59282	Box1-Vial63-59282	Box1-Vial63-59282	0	Box1-Vial63-59282-CTGTACAG_PointFinder_results.txt	EC-WeW-33_PointFinder_results.txt	Box1-Vial63-59282-CTGTACAG_ResFinder_results_tab.txt	EC-WeW-33_ResFinder_results_tab.txt
EC-WeW-34	Box1-Vial66-62810	Box1-Vial66-62810	Box1-Vial66-62810	0	Box1-Vial66-62810-AAGGTTCC_PointFinder_results.txt	EC-WeW-34_PointFinder_results.txt	Box1-Vial66-62810-AAGGTTCC_ResFinder_results_tab.txt	EC-WeW-34_ResFinder_results_tab.txt
EC-WeW-38	Box1-Vial7-50869	Box1-Vial7-50869	Box1-Vial7-50869	0	Box1-Vial7-50869-AGGAACGT_PointFinder_results.txt	EC-WeW-38_PointFinder_results.txt	Box1-Vial7-50869-AGGAACGT_ResFinder_results_tab.txt	EC-WeW-38_ResFinder_results_tab.txt
EC-WeW-35	Box1-Vial72-68304	Box1-Vial72-68304	Box1-Vial72-68304	0	Box1-Vial72-68304-GCCGTATA_PointFinder_results.txt	EC-WeW-35_PointFinder_results.txt	Box1-Vial72-68304-GCCGTATA_ResFinder_results_tab.txt	EC-WeW-35_ResFinder_results_tab.txt
EC-WeW-36	Box1-Vial73-68386	Box1-Vial73-68386	Box1-Vial73-68386	0	Box1-Vial73-68386-ACCTGTTC_PointFinder_results.txt	EC-WeW-36_PointFinder_results.txt	Box1-Vial73-68386-ACCTGTTC_ResFinder_results_tab.txt	EC-WeW-36_ResFinder_results_tab.txt
EC-WeW-37	Box1-Vial74-43743	Box1-Vial74-43743	Box1-Vial74-43743	0	Box1-Vial74-43743-ACAGTCAC_PointFinder_results.txt	EC-WeW-37_PointFinder_results.txt	Box1-Vial74-43743-ACAGTCAC_ResFinder_results_tab.txt	EC-WeW-37_ResFinder_results_tab.txt
EC-WeW-39	Box1-Vial76-69675	Box1-Vial76-69675	Box1-Vial76-69675	0	Box1-Vial76-69675-GAGTTCTG_PointFinder_results.txt	EC-WeW-39_PointFinder_results.txt	Box1-Vial76-69675-GAGTTCTG_ResFinder_results_tab.txt	EC-WeW-39_ResFinder_results_tab.txt
EC-WeW-40	Box1-Vial77-70249	Box1-Vial77-70249	Box1-Vial77-70249	0	Box1-Vial77-70249-GCTACGAT_PointFinder_results.txt	EC-WeW-40_PointFinder_results.txt	Box1-Vial77-70249-GCTACGAT_ResFinder_results_tab.txt	EC-WeW-40_ResFinder_results_tab.txt
EC-WeW-41	Box1-Vial78-70914	Box1-Vial78-70914	Box1-Vial78-70914	0	Box1-Vial78-70914-CTAGAGCT_PointFinder_results.txt	EC-WeW-41_PointFinder_results.txt	Box1-Vial78-70914-CTAGAGCT_ResFinder_results_tab.txt	EC-WeW-41_ResFinder_results_tab.txt
EC-WeW-42	Box1-Vial79-WC-19-72281	Box1-Vial79-WC-19-72281	Box1-Vial79-WC-19-72281	0	Box1-Vial79-WC-19-72281-ACTGACTG_PointFinder_results.txt	EC-WeW-42_PointFinder_results.txt	Box1-Vial79-WC-19-72281-ACTGACTG_ResFinder_results_tab.txt	EC-WeW-42_ResFinder_results_tab.txt
EC-WeW-45	Box1-Vial8-51114	Box1-Vial8-51114	Box1-Vial8-51114	0	Box1-Vial8-51114-CTAGCTAG_PointFinder_results.txt	EC-WeW-45_PointFinder_results.txt	Box1-Vial8-51114-CTAGCTAG_ResFinder_results_tab.txt	EC-WeW-45_ResFinder_results_tab.txt
EC-WeW-43	Box1-Vial80-79335	Box1-Vial80-79335	Box1-Vial80-79335	0	Box1-Vial80-79335-GGAAGCAT_PointFinder_results.txt	EC-WeW-43_PointFinder_results.txt	Box1-Vial80-79335-GGAAGCAT_ResFinder_results_tab.txt	EC-WeW-43_ResFinder_results_tab.txt
EC-WeW-44	Box1-Vial81-78416	Box1-Vial81-78416	Box1-Vial81-78416	0	Box1-Vial81-78416-CCATATGG_PointFinder_results.txt	EC-WeW-44_PointFinder_results.txt	Box1-Vial81-78416-CCATATGG_ResFinder_results_tab.txt	EC-WeW-44_ResFinder_results_tab.txt
EC-WeW-46	Box1-WC-51009	Box1-WC-51009	Box1-WC-51009	0	Box1-WC-51009-CAGTTGAC_PointFinder_results.txt	EC-WeW-46_PointFinder_results.txt	Box1-WC-51009-CAGTTGAC_ResFinder_results_tab.txt	EC-WeW-46_ResFinder_results_tab.txt
EC-WeW-47	Box2-Vial5-83579	Box2-Vial5-83579	Box2-Vial5-83579	0	Box2-Vial5-83579-ACACGTCA_PointFinder_results.txt	EC-WeW-47_PointFinder_results.txt	Box2-Vial5-83579-ACACGTCA_ResFinder_results_tab.txt	EC-WeW-47_ResFinder_results_tab.txt
EC-WeW-48	Box2-Vial6-87309	Box2-Vial6-87309	Box2-Vial6-87309	0	Box2-Vial6-87309-ACCAACGT_PointFinder_results.txt	EC-WeW-48_PointFinder_results.txt	Box2-Vial6-87309-ACCAACGT_ResFinder_results_tab.txt	EC-WeW-48_ResFinder_results_tab.txt
EC-WW-49	Box51-Plate149-e11	Box51-Plate149-e11	Box51-Plate149-e11	0	Box51-Plate149-e11-AGTGTCTG_PointFinder_results.txt	EC-WW-49_PointFinder_results.txt	Box51-Plate149-e11-AGTGTCTG_ResFinder_results_tab.txt	EC-WW-49_ResFinder_results_tab.txt
EC-WW-50	Box51-Plate149-g10	Box51-Plate149-g10	Box51-Plate149-g10	0	Box51-Plate149-g10-GTGTTGAC_PointFinder_results.txt	EC-WW-50_PointFinder_results.txt	Box51-Plate149-g10-GTGTTGAC_ResFinder_results_tab.txt	EC-WW-50_ResFinder_results_tab.txt
EC-WW-51	Box51-Plate151-e1	Box51-Plate151-e1	Box51-Plate151-e1	0	Box51-Plate151-e1-GATCAGCT_PointFinder_results.txt	EC-WW-51_PointFinder_results.txt	Box51-Plate151-e1-GATCAGCT_ResFinder_results_tab.txt	EC-WW-51_ResFinder_results_tab.txt
EC-WW-52	Box51-Plate151-h5	Box51-Plate151-h5	Box51-Plate151-h5	0	Box51-Plate151-h5-CGTAGCAT_PointFinder_results.txt	EC-WW-52_PointFinder_results.txt	Box51-Plate151-h5-CGTAGCAT_ResFinder_results_tab.txt	EC-WW-52_ResFinder_results_tab.txt
EC-WW-53	Box52-Plate152-h9	Box52-Plate152-h9	Box52-Plate152-h9	0	Box52-Plate152-h9-TGGTCATG_PointFinder_results.txt	EC-WW-53_PointFinder_results.txt	Box52-Plate152-h9-TGGTCATG_ResFinder_results_tab.txt	EC-WW-53_ResFinder_results_tab.txt
EC-WW-54	Box53-Plate155-h8	Box53-Plate155-h8	Box53-Plate155-h8	0	Box53-Plate155-h8-ACTGTGAC_PointFinder_results.txt	EC-WW-54_PointFinder_results.txt	Box53-Plate155-h8-ACTGTGAC_ResFinder_results_tab.txt	EC-WW-54_ResFinder_results_tab.txt
EC-WW-55	Box54-Plate158-e11	Box54-Plate158-e11	Box54-Plate158-e11	0	Box54-Plate158-e11-CGATCGAT_PointFinder_results.txt	EC-WW-55_PointFinder_results.txt	Box54-Plate158-e11-CGATCGAT_ResFinder_results_tab.txt	EC-WW-55_ResFinder_results_tab.txt
EC-WW-56	Box54-Plate160-g6	Box54-Plate160-g6	Box54-Plate160-g6	0	Box54-Plate160-g6-CTTGTCCA_PointFinder_results.txt	EC-WW-56_PointFinder_results.txt	Box54-Plate160-g6-CTTGTCCA_ResFinder_results_tab.txt	EC-WW-56_ResFinder_results_tab.txt
EC-WW-57	Box55-Plate162-f10	Box55-Plate162-f10	Box55-Plate162-f10	0	Box55-Plate162-f10-AACGTTGC_PointFinder_results.txt	EC-WW-57_PointFinder_results.txt	Box55-Plate162-f10-AACGTTGC_ResFinder_results_tab.txt	EC-WW-57_ResFinder_results_tab.txt
EC-WW-58	Box55-Plate163-h11	Box55-Plate163-h11	Box55-Plate163-h11	0	Box55-Plate163-h11-TGCACAAC_PointFinder_results.txt	EC-WW-58_PointFinder_results.txt	Box55-Plate163-h11-TGCACAAC_ResFinder_results_tab.txt	EC-WW-58_ResFinder_results_tab.txt
EC-WW-59	Box56-Plate165-h6	Box56-Plate165-h6	Box56-Plate165-h6	0	Box56-Plate165-h6-GCTATTCC_PointFinder_results.txt	EC-WW-59_PointFinder_results.txt	Box56-Plate165-h6-GCTATTCC_ResFinder_results_tab.txt	EC-WW-59_ResFinder_results_tab.txt
EC-WW-60	Box56-Plate166-c7	Box56-Plate166-c7	Box56-Plate166-c7	0	Box56-Plate166-c7-CTCTACAC_PointFinder_results.txt	EC-WW-60_PointFinder_results.txt	Box56-Plate166-c7-CTCTACAC_ResFinder_results_tab.txt	EC-WW-60_ResFinder_results_tab.txt
EC-WW-61	Box57-Plate168-f4	Box57-Plate168-f4	Box57-Plate168-f4	0	Box57-Plate168-f4-CCTAATCC_PointFinder_results.txt	EC-WW-61_PointFinder_results.txt	Box57-Plate168-f4-CCTAATCC_ResFinder_results_tab.txt	EC-WW-61_ResFinder_results_tab.txt
EC-WW-62	Box57-Plate169-h5	Box57-Plate169-h5	Box57-Plate169-h5	0	Box57-Plate169-h5-CATGCTTC_PointFinder_results.txt	EC-WW-62_PointFinder_results.txt	Box57-Plate169-h5-CATGCTTC_ResFinder_results_tab.txt	EC-WW-62_ResFinder_results_tab.txt
EC-WW-63	Box58-Plate171-f7	Box58-Plate171-f7	Box58-Plate171-f7	0	Box58-Plate171-f7-TGACGTGT_PointFinder_results.txt	EC-WW-63_PointFinder_results.txt	Box58-Plate171-f7-TGACGTGT_ResFinder_results_tab.txt	EC-WW-63_ResFinder_results_tab.txt
EC-WW-64	Box59-Plate173-e2	Box59-Plate173-e2	Box59-Plate173-e2	0	Box59-Plate173-e2-GACTTCAG_PointFinder_results.txt	EC-WW-64_PointFinder_results.txt	Box59-Plate173-e2-GACTTCAG_ResFinder_results_tab.txt	EC-WW-64_ResFinder_results_tab.txt
EC-WW-65	Box59-Plate174-f3	Box59-Plate174-f3	Box59-Plate174-f3	0	Box59-Plate174-f3-ACCACATG_PointFinder_results.txt	EC-WW-65_PointFinder_results.txt	Box59-Plate174-f3-ACCACATG_ResFinder_results_tab.txt	EC-WW-65_ResFinder_results_tab.txt
EC-WW-66	Box60-Plate177-a2	Box60-Plate177-a2	Box60-Plate177-a2	0	Box60-Plate177-a2-ACCAAGGA_PointFinder_results.txt	EC-WW-66_PointFinder_results.txt	Box60-Plate177-a2-ACCAAGGA_ResFinder_results_tab.txt	EC-WW-66_ResFinder_results_tab.txt
EC-WW-67	Box61-Plate180-f7	Box61-Plate180-f7	Box61-Plate180-f7	0	Box61-Plate180-f7-GCCGTTAA_PointFinder_results.txt	EC-WW-67_PointFinder_results.txt	Box61-Plate180-f7-GCCGTTAA_ResFinder_results_tab.txt	EC-WW-67_ResFinder_results_tab.txt
EC-WW-68	Box61-Plate181-f4	Box61-Plate181-f4	Box61-Plate181-f4	0	Box61-Plate181-f4-TGACTGAC_PointFinder_results.txt	EC-WW-68_PointFinder_results.txt	Box61-Plate181-f4-TGACTGAC_ResFinder_results_tab.txt	EC-WW-68_ResFinder_results_tab.txt
EC-WW-69	Box62-Plate182-e7	Box62-Plate182-e7	Box62-Plate182-e7	0	Box62-Plate182-e7-GAGACACA_PointFinder_results.txt	EC-WW-69_PointFinder_results.txt	Box62-Plate182-e7-GAGACACA_ResFinder_results_tab.txt	EC-WW-69_ResFinder_results_tab.txt
EC-WW-70	Box62-Plate182-h5	Box62-Plate182-h5	Box62-Plate182-h5	0	Box62-Plate182-h5-GTACAGCT_PointFinder_results.txt	EC-WW-70_PointFinder_results.txt	Box62-Plate182-h5-GTACAGCT_ResFinder_results_tab.txt	EC-WW-70_ResFinder_results_tab.txt
EC-WW-71	Box62-Plate183-g6	Box62-Plate183-g6	Box62-Plate183-g6	0	Box62-Plate183-g6-GGTTCCAA_PointFinder_results.txt	EC-WW-71_PointFinder_results.txt	Box62-Plate183-g6-GGTTCCAA_ResFinder_results_tab.txt	EC-WW-71_ResFinder_results_tab.txt
EC-WW-72	Box62-Plate184-H7	Box62-Plate184-H7_S1_L001	Box62-Plate184-H7_S1_L001_ResFinder_results_tab.txt	1	Box62-Plate184-H7_S1_L001_PointFinder_results.txt	EC-WW-72_PointFinder_results.txt	Box62-Plate184-H7_S1_L001_ResFinder_results_tab.txt	EC-WW-72_ResFinder_results_tab.txt
EC-WW-73	Box63-Plate187-h9	Box63-Plate187-h9	Box63-Plate187-h9	0	Box63-Plate187-h9-GAGTTCAC_PointFinder_results.txt	EC-WW-73_PointFinder_results.txt	Box63-Plate187-h9-GAGTTCAC_ResFinder_results_tab.txt	EC-WW-73_ResFinder_results_tab.txt
EC-WW-74	Box64-Plate188-B12	Box64-Plate188-B12_S15_L001	Box64-Plate188-B12_S15_L001_ResFinder_results_tab.txt	1	Box64-Plate188-B12_S15_L001_PointFinder_results.txt	EC-WW-74_PointFinder_results.txt	Box64-Plate188-B12_S15_L001_ResFinder_results_tab.txt	EC-WW-74_ResFinder_results_tab.txt
EC-WW-75	Box64-Plate188-H8	Box64-Plate188-H8_S7_L001	Box64-Plate188-H8_S7_L001_ResFinder_results_tab.txt	1	Box64-Plate188-H8_S7_L001_PointFinder_results.txt	EC-WW-75_PointFinder_results.txt	Box64-Plate188-H8_S7_L001_ResFinder_results_tab.txt	EC-WW-75_ResFinder_results_tab.txt
EC-WW-76	Box66-Plate195-c1	Box66-Plate195-c1	Box66-Plate195-c1	0	Box66-Plate195-c1-ATCCTAGG_PointFinder_results.txt	EC-WW-76_PointFinder_results.txt	Box66-Plate195-c1-ATCCTAGG_ResFinder_results_tab.txt	EC-WW-76_ResFinder_results_tab.txt
EC-WW-78	Box66-Plate196-G3	Box66-Plate196	Box66-Plate196	0	Box66-Plate196-G3_S11_L001_PointFinder_results.txt	EC-WW-78_PointFinder_results.txt	Box66-Plate196-G3_S11_L001_ResFinder_results_tab.txt	EC-WW-78_ResFinder_results_tab.txt
EC-WW-77	Box66-Plate196-c4	Box66-Plate196-c4	Box66-Plate196-c4	0	Box66-Plate196-c4-TGCACTAG_PointFinder_results.txt	EC-WW-77_PointFinder_results.txt	Box66-Plate196-c4-TGCACTAG_ResFinder_results_tab.txt	EC-WW-77_ResFinder_results_tab.txt
EC-WW-79	Box68-Plate202-e4	Box68-Plate202-e4	Box68-Plate202-e4	0	Box68-Plate202-e4-CAACCTAG_PointFinder_results.txt	EC-WW-79_PointFinder_results.txt	Box68-Plate202-e4-CAACCTAG_ResFinder_results_tab.txt	EC-WW-79_ResFinder_results_tab.txt
EC-WW-80	Box69-Plate204-E9	Box69-Plate204-E9_S18_L001	Box69-Plate204-E9_S18_L001_ResFinder_results_tab.txt	1	Box69-Plate204-E9_S18_L001_PointFinder_results.txt	EC-WW-80_PointFinder_results.txt	Box69-Plate204-E9_S18_L001_ResFinder_results_tab.txt	EC-WW-80_ResFinder_results_tab.txt
EC-WW-82	Box70-Plate206-E10	Box70-Plate206-E10_S5_L001	Box70-Plate206-E10_S5_L001_ResFinder_results_tab.txt	1	Box70-Plate206-E10_S5_L001_PointFinder_results.txt	EC-WW-82_PointFinder_results.txt	Box70-Plate206-E10_S5_L001_ResFinder_results_tab.txt	EC-WW-82_ResFinder_results_tab.txt
EC-WW-81	Box70-Plate206-c8	Box70-Plate206-c8	Box70-Plate206-c8	0	Box70-Plate206-c8-GAACCATC_PointFinder_results.txt	EC-WW-81_PointFinder_results.txt	Box70-Plate206-c8-GAACCATC_ResFinder_results_tab.txt	EC-WW-81_ResFinder_results_tab.txt
EC-WW-83	Box70-Plate207-f1	Box70-Plate207-f1	Box70-Plate207-f1	0	Box70-Plate207-f1-GGATTAGG_PointFinder_results.txt	EC-WW-83_PointFinder_results.txt	Box70-Plate207-f1-GGATTAGG_ResFinder_results_tab.txt	EC-WW-83_ResFinder_results_tab.txt
EC-WW-84	Box70-Plate208-e10	Box70-Plate208-e10	Box70-Plate208-e10	0	Box70-Plate208-e10-ATGCATGC_PointFinder_results.txt	EC-WW-84_PointFinder_results.txt	Box70-Plate208-e10-ATGCATGC_ResFinder_results_tab.txt	EC-WW-84_ResFinder_results_tab.txt
EC-WW-85	Box71-Plate209-d6	Box71-Plate209-d6	Box71-Plate209-d6	0	Box71-Plate209-d6-GAACTGCT_PointFinder_results.txt	EC-WW-85_PointFinder_results.txt	Box71-Plate209-d6-GAACTGCT_ResFinder_results_tab.txt	EC-WW-85_ResFinder_results_tab.txt
EC-WW-86	Box71-Plate209-g4	Box71-Plate209-g4	Box71-Plate209-g4	0	Box71-Plate209-g4-GAAGCTTC_PointFinder_results.txt	EC-WW-86_PointFinder_results.txt	Box71-Plate209-g4-GAAGCTTC_ResFinder_results_tab.txt	EC-WW-86_ResFinder_results_tab.txt
EC-WW-87	Box71-Plate210-c5	Box71-Plate210	Box71-Plate210	0	Box71-Plate210-C5_S13_L001_PointFinder_results.txt	EC-WW-87_PointFinder_results.txt	Box71-Plate210-C5_S13_L001_ResFinder_results_tab.txt	EC-WW-87_ResFinder_results_tab.txt
EC-WW-88	Box71-Plate210-g7	Box71-Plate210-g7	Box71-Plate210-g7	0	Box71-Plate210-g7-TGGTCTAG_PointFinder_results.txt	EC-WW-88_PointFinder_results.txt	Box71-Plate210-g7-TGGTCTAG_ResFinder_results_tab.txt	EC-WW-88_ResFinder_results_tab.txt
EC-WW-89	Box71-Plate211-c12	Box71-Plate211-c12	Box71-Plate211-c12	0	Box71-Plate211-c12-TAGCTACG_PointFinder_results.txt	EC-WW-89_PointFinder_results.txt	Box71-Plate211-c12-TAGCTACG_ResFinder_results_tab.txt	EC-WW-89_ResFinder_results_tab.txt
EC-WW-90	Box74-Plate218-c1	Box74-Plate218-c1	Box74-Plate218-c1	0	Box74-Plate218-c1-GAGACAGT_PointFinder_results.txt	EC-WW-90_PointFinder_results.txt	Box74-Plate218-c1-GAGACAGT_ResFinder_results_tab.txt	EC-WW-90_ResFinder_results_tab.txt
EC-WW-91	Box74-Plate218-g9	Box74-Plate218-g9	Box74-Plate218-g9	0	Box74-Plate218-g9-TCCAAGGT_PointFinder_results.txt	EC-WW-91_PointFinder_results.txt	Box74-Plate218-g9-TCCAAGGT_ResFinder_results_tab.txt	EC-WW-91_ResFinder_results_tab.txt
EC-WW-92	Box74-Plate220-a11	Box74-Plate220-a11	Box74-Plate220-a11	0	Box74-Plate220-a11-CTCATGAG_PointFinder_results.txt	EC-WW-92_PointFinder_results.txt	Box74-Plate220-a11-CTCATGAG_ResFinder_results_tab.txt	EC-WW-92_ResFinder_results_tab.txt
EC-WW-93	Box74-Plate220-a8	Box74-Plate220-a8	Box74-Plate220-a8	0	Box74-Plate220-a8-CTACCATC_PointFinder_results.txt	EC-WW-93_PointFinder_results.txt	Box74-Plate220-a8-CTACCATC_ResFinder_results_tab.txt	EC-WW-93_ResFinder_results_tab.txt
EC-WW-94	Box75-Plate222-b11	Box75-Plate222-b11	Box75-Plate222-b11	0	Box75-Plate222-b11-GACATCTG_PointFinder_results.txt	EC-WW-94_PointFinder_results.txt	Box75-Plate222-b11-GACATCTG_ResFinder_results_tab.txt	EC-WW-94_ResFinder_results_tab.txt
EC-WW-95	Box75-Plate222-f8	Box75-Plate222-f8	Box75-Plate222-f8	0	Box75-Plate222-f8-GTGTCACA_PointFinder_results.txt	EC-WW-95_PointFinder_results.txt	Box75-Plate222-f8-GTGTCACA_ResFinder_results_tab.txt	EC-WW-95_ResFinder_results_tab.txt
EC-WW-96	Box76-Plate224-h11	Box76-Plate224-h11	Box76-Plate224-h11	0	Box76-Plate224-h11-CACATGTG_PointFinder_results.txt	EC-WW-96_PointFinder_results.txt	Box76-Plate224-h11-CACATGTG_ResFinder_results_tab.txt	EC-WW-96_ResFinder_results_tab.txt
EC-BC-97	EC01SH18588003401	EC01SH18588003401	EC01SH18588003401_ResFinder_results_tab.txt	1	EC01SH18588003401_PointFinder_results.txt	EC-BC-97_PointFinder_results.txt	EC01SH18588003401_ResFinder_results_tab.txt	EC-BC-97_ResFinder_results_tab.txt
EC-BC-98	EC01SH18588007901	EC01SH18588007901	EC01SH18588007901_ResFinder_results_tab.txt	1	EC01SH18588007901_PointFinder_results.txt	EC-BC-98_PointFinder_results.txt	EC01SH18588007901_ResFinder_results_tab.txt	EC-BC-98_ResFinder_results_tab.txt
EC-BC-99	EC01SH18588010701	EC01SH18588010701	EC01SH18588010701	0	EC01SH18588010701-CACATGTG_PointFinder_results.txt	EC-BC-99_PointFinder_results.txt	EC01SH18588010701-CACATGTG_ResFinder_results_tab.txt	EC-BC-99_ResFinder_results_tab.txt
EC-BC-100	EC01SH18588015301	EC01SH18588015301	EC01SH18588015301	0	EC01SH18588015301-GATCCTAG_PointFinder_results.txt	EC-BC-100_PointFinder_results.txt	EC01SH18588015301-GATCCTAG_ResFinder_results_tab.txt	EC-BC-100_ResFinder_results_tab.txt
EC-BC-101	EC01SH18588022201	EC01SH18588022201	EC01SH18588022201	0	EC01SH18588022201-GAACCATC_PointFinder_results.txt	EC-BC-101_PointFinder_results.txt	EC01SH18588022201-GAACCATC_ResFinder_results_tab.txt	EC-BC-101_ResFinder_results_tab.txt
EC-BC-102	EC01SH18588026201	EC01SH18588026201	EC01SH18588026201	0	EC01SH18588026201-ACCAAGGA_PointFinder_results.txt	EC-BC-102_PointFinder_results.txt	EC01SH18588026201-ACCAAGGA_ResFinder_results_tab.txt	EC-BC-102_ResFinder_results_tab.txt
EC-BC-103	EC01SH18588026301	EC01SH18588026301	EC01SH18588026301	0	EC01SH18588026301-GAGACACA_PointFinder_results.txt	EC-BC-103_PointFinder_results.txt	EC01SH18588026301-GAGACACA_ResFinder_results_tab.txt	EC-BC-103_ResFinder_results_tab.txt
EC-BC-104	EC01SH18588026901	EC01SH18588026901	EC01SH18588026901	0	EC01SH18588026901-ACCACATG_PointFinder_results.txt	EC-BC-104_PointFinder_results.txt	EC01SH18588026901-ACCACATG_ResFinder_results_tab.txt	EC-BC-104_ResFinder_results_tab.txt
EC-BC-105	EC01SH18588029001	EC01SH18588029001	EC01SH18588029001	0	EC01SH18588029001-ATCCTAGG_PointFinder_results.txt	EC-BC-105_PointFinder_results.txt	EC01SH18588029001-ATCCTAGG_ResFinder_results_tab.txt	EC-BC-105_ResFinder_results_tab.txt
EC-BC-106	EC01SH18588029201	EC01SH18588029201	EC01SH18588029201	0	EC01SH18588029201-TCCAAGGT_PointFinder_results.txt	EC-BC-106_PointFinder_results.txt	EC01SH18588029201-TCCAAGGT_ResFinder_results_tab.txt	EC-BC-106_ResFinder_results_tab.txt
EC-BC-107	EC01SH18588033301	EC01SH18588033301	EC01SH18588033301	0	EC01SH18588033301-CAACGTAC_PointFinder_results.txt	EC-BC-107_PointFinder_results.txt	EC01SH18588033301-CAACGTAC_ResFinder_results_tab.txt	EC-BC-107_ResFinder_results_tab.txt
EC-BC-108	EC01SH18588033701	EC01SH18588033701	EC01SH18588033701	0	EC01SH18588033701-ATGCATGC_PointFinder_results.txt	EC-BC-108_PointFinder_results.txt	EC01SH18588033701-ATGCATGC_ResFinder_results_tab.txt	EC-BC-108_ResFinder_results_tab.txt
EC-BC-109	EC01SH18588034001	EC01SH18588034001	EC01SH18588034001	0	EC01SH18588034001-GCCGTTAA_PointFinder_results.txt	EC-BC-109_PointFinder_results.txt	EC01SH18588034001-GCCGTTAA_ResFinder_results_tab.txt	EC-BC-109_ResFinder_results_tab.txt
EC-BC-110	EC01SH18588039301	EC01SH18588039301	EC01SH18588039301	0	EC01SH18588039301-TGCACTAG_PointFinder_results.txt	EC-BC-110_PointFinder_results.txt	EC01SH18588039301-TGCACTAG_ResFinder_results_tab.txt	EC-BC-110_ResFinder_results_tab.txt
EC-BC-111	EC01SH18588043801	EC01SH18588043801	EC01SH18588043801	0	EC01SH18588043801-GGATTAGG_PointFinder_results.txt	EC-BC-111_PointFinder_results.txt	EC01SH18588043801-GGATTAGG_ResFinder_results_tab.txt	EC-BC-111_ResFinder_results_tab.txt
EC-BC-112	EC01SH18588043901	EC01SH18588043901	EC01SH18588043901	0	EC01SH18588043901-GAGTTCAC_PointFinder_results.txt	EC-BC-112_PointFinder_results.txt	EC01SH18588043901-GAGTTCAC_ResFinder_results_tab.txt	EC-BC-112_ResFinder_results_tab.txt
EC-BC-113	EC01SH18588045101	EC01SH18588045101	EC01SH18588045101	0	EC01SH18588045101-GTGTTGAC_PointFinder_results.txt	EC-BC-113_PointFinder_results.txt	EC01SH18588045101-GTGTTGAC_ResFinder_results_tab.txt	EC-BC-113_ResFinder_results_tab.txt
EC-BC-114	EC01SH18588045201	EC01SH18588045201	EC01SH18588045201	0	EC01SH18588045201-GTGAACAG_PointFinder_results.txt	EC-BC-114_PointFinder_results.txt	EC01SH18588045201-GTGAACAG_ResFinder_results_tab.txt	EC-BC-114_ResFinder_results_tab.txt
EC-BC-115	EC01SH18588049701	EC01SH18588049701	EC01SH18588049701	0	EC01SH18588049701-AGTGTCTG_PointFinder_results.txt	EC-BC-115_PointFinder_results.txt	EC01SH18588049701-AGTGTCTG_ResFinder_results_tab.txt	EC-BC-115_ResFinder_results_tab.txt
EC-BC-116	EC01SH18588052101	EC01SH18588052101	EC01SH18588052101	0	EC01SH18588052101-GACTTCAG_PointFinder_results.txt	EC-BC-116_PointFinder_results.txt	EC01SH18588052101-GACTTCAG_ResFinder_results_tab.txt	EC-BC-116_ResFinder_results_tab.txt
EC-BC-117	EC01SH18588052201	EC01SH18588052201	EC01SH18588052201	0	EC01SH18588052201-GTGTCACA_PointFinder_results.txt	EC-BC-117_PointFinder_results.txt	EC01SH18588052201-GTGTCACA_ResFinder_results_tab.txt	EC-BC-117_ResFinder_results_tab.txt
EC-FC-145	EC01SH18618000201	EC01SH18618000201	EC01SH18618000201	0	EC01SH18618000201-TAGGCCAT_PointFinder_results.txt	EC-FC-145_PointFinder_results.txt	EC01SH18618000201-TAGGCCAT_ResFinder_results_tab.txt	EC-FC-145_ResFinder_results_tab.txt
EC-FC-146	EC01SH18618002901	EC01SH18618002901	EC01SH18618002901	0	EC01SH18618002901-TGACCACA_PointFinder_results.txt	EC-FC-146_PointFinder_results.txt	EC01SH18618002901-TGACCACA_ResFinder_results_tab.txt	EC-FC-146_ResFinder_results_tab.txt
EC-FC-147	EC01SH18618003101	EC01SH18618003101	EC01SH18618003101	0	EC01SH18618003101-CGTACGTA_PointFinder_results.txt	EC-FC-147_PointFinder_results.txt	EC01SH18618003101-CGTACGTA_ResFinder_results_tab.txt	EC-FC-147_ResFinder_results_tab.txt
EC-FC-148	EC01SH18618003901	EC01SH18618003901	EC01SH18618003901	0	EC01SH18618003901-TCGAGTTG_PointFinder_results.txt	EC-FC-148_PointFinder_results.txt	EC01SH18618003901-TCGAGTTG_ResFinder_results_tab.txt	EC-FC-148_ResFinder_results_tab.txt
EC-FC-149	EC01SH18618004501	EC01SH18618004501	EC01SH18618004501	0	EC01SH18618004501-ACCTGTTC_PointFinder_results.txt	EC-FC-149_PointFinder_results.txt	EC01SH18618004501-ACCTGTTC_ResFinder_results_tab.txt	EC-FC-149_ResFinder_results_tab.txt
EC-FC-150	EC01SH18618004701	EC01SH18618004701	EC01SH18618004701	0	EC01SH18618004701-ACTGACTG_PointFinder_results.txt	EC-FC-150_PointFinder_results.txt	EC01SH18618004701-ACTGACTG_ResFinder_results_tab.txt	EC-FC-150_ResFinder_results_tab.txt
EC-FC-151	EC01SH18618004901	EC01SH18618004901	EC01SH18618004901	0	EC01SH18618004901-TGGTACGT_PointFinder_results.txt	EC-FC-151_PointFinder_results.txt	EC01SH18618004901-TGGTACGT_ResFinder_results_tab.txt	EC-FC-151_ResFinder_results_tab.txt
EC-FC-152	EC01SH18618006501	EC01SH18618006501	EC01SH18618006501	0	EC01SH18618006501-GCCGTATA_PointFinder_results.txt	EC-FC-152_PointFinder_results.txt	EC01SH18618006501-GCCGTATA_ResFinder_results_tab.txt	EC-FC-152_ResFinder_results_tab.txt
EC-FC-153	EC01SH18618007401	EC01SH18618007401	EC01SH18618007401	0	EC01SH18618007401-GATGCATC_PointFinder_results.txt	EC-FC-153_PointFinder_results.txt	EC01SH18618007401-GATGCATC_ResFinder_results_tab.txt	EC-FC-153_ResFinder_results_tab.txt
EC-FC-154	EC01SH18618007501	EC01SH18618007501	EC01SH18618007501	0	EC01SH18618007501-AAGGTTCC_PointFinder_results.txt	EC-FC-154_PointFinder_results.txt	EC01SH18618007501-AAGGTTCC_ResFinder_results_tab.txt	EC-FC-154_ResFinder_results_tab.txt
EC-FC-155	EC01SH18618009501	EC01SH18618009501	EC01SH18618009501	0	EC01SH18618009501-ACACGTGT_PointFinder_results.txt	EC-FC-155_PointFinder_results.txt	EC01SH18618009501-ACACGTGT_ResFinder_results_tab.txt	EC-FC-155_ResFinder_results_tab.txt
EC-FC-156	EC01SH18618011301	EC01SH18618011301	EC01SH18618011301	0	EC01SH18618011301-ACCAACGT_PointFinder_results.txt	EC-FC-156_PointFinder_results.txt	EC01SH18618011301-ACCAACGT_ResFinder_results_tab.txt	EC-FC-156_ResFinder_results_tab.txt
EC-RMC-193	EC01SH187022901	EC01SH187022901	EC01SH187022901	0	EC01SH187022901_PointFinder_results.txt	EC-RMC-193_PointFinder_results.txt	EC01SH187022901_ResFinder_results_tab.txt	EC-RMC-193_ResFinder_results_tab.txt
EC-RMC-194	EC01SH187100301	EC01SH187100301	EC01SH187100301	0	EC01SH187100301_PointFinder_results.txt	EC-RMC-194_PointFinder_results.txt	EC01SH187100301_ResFinder_results_tab.txt	EC-RMC-194_ResFinder_results_tab.txt
EC-RMB-195	EC01SH187104501	EC01SH187104501	EC01SH187104501	0	EC01SH187104501-ATCGTAGC_PointFinder_results.txt	EC-RMB-195_PointFinder_results.txt	EC01SH187104501-ATCGTAGC_ResFinder_results_tab.txt	EC-RMB-195_ResFinder_results_tab.txt
EC-RMB-196	EC01SH187104801	EC01SH187104801	EC01SH187104801	0	EC01SH187104801-AGCTCTAG_PointFinder_results.txt	EC-RMB-196_PointFinder_results.txt	EC01SH187104801-AGCTCTAG_ResFinder_results_tab.txt	EC-RMB-196_ResFinder_results_tab.txt
EC-RMC-197	EC01SH187105001	EC01SH187105001	EC01SH187105001	0	EC01SH187105001-CTACCATC_PointFinder_results.txt	EC-RMC-197_PointFinder_results.txt	EC01SH187105001-CTACCATC_ResFinder_results_tab.txt	EC-RMC-197_ResFinder_results_tab.txt
EC-BC-118	EC01SH19588001701	EC01SH19588001701_S2_L001	EC01SH19588001701_S2_L001_ResFinder_results_tab.txt	1	EC01SH19588001701_S2_L001_PointFinder_results.txt	EC-BC-118_PointFinder_results.txt	EC01SH19588001701_S2_L001_ResFinder_results_tab.txt	EC-BC-118_ResFinder_results_tab.txt
EC-BC-119	EC01SH19588005101	EC01SH19588005101	EC01SH19588005101	0	EC01SH19588005101-TGGTGTAC_PointFinder_results.txt	EC-BC-119_PointFinder_results.txt	EC01SH19588005101-TGGTGTAC_ResFinder_results_tab.txt	EC-BC-119_ResFinder_results_tab.txt
EC-BC-120	EC01SH19588005201	EC01SH19588005201	EC01SH19588005201	0	EC01SH19588005201-CAACCTAG_PointFinder_results.txt	EC-BC-120_PointFinder_results.txt	EC01SH19588005201-CAACCTAG_ResFinder_results_tab.txt	EC-BC-120_ResFinder_results_tab.txt
EC-BC-121	EC01SH19588013501	EC01SH19588013501	EC01SH19588013501	0	EC01SH19588013501-CTCATGAG_PointFinder_results.txt	EC-BC-121_PointFinder_results.txt	EC01SH19588013501-CTCATGAG_ResFinder_results_tab.txt	EC-BC-121_ResFinder_results_tab.txt
EC-BC-122	EC01SH19588014101	EC01SH19588014101	EC01SH19588014101	0	EC01SH19588014101-GGTTCCAA_PointFinder_results.txt	EC-BC-122_PointFinder_results.txt	EC01SH19588014101-GGTTCCAA_ResFinder_results_tab.txt	EC-BC-122_ResFinder_results_tab.txt
EC-BC-123	EC01SH19588014301	EC01SH19588014301	EC01SH19588014301	0	EC01SH19588014301-GTACAGCT_PointFinder_results.txt	EC-BC-123_PointFinder_results.txt	EC01SH19588014301-GTACAGCT_ResFinder_results_tab.txt	EC-BC-123_ResFinder_results_tab.txt
EC-BC-124	EC01SH19588019501	EC01SH19588019501	EC01SH19588019501	0	EC01SH19588019501-GCGCTATA_PointFinder_results.txt	EC-BC-124_PointFinder_results.txt	EC01SH19588019501-GCGCTATA_ResFinder_results_tab.txt	EC-BC-124_ResFinder_results_tab.txt
EC-BC-125	EC01SH19588019901	EC01SH19588019901	EC01SH19588019901	0	EC01SH19588019901-CCTAATCC_PointFinder_results.txt	EC-BC-125_PointFinder_results.txt	EC01SH19588019901-CCTAATCC_ResFinder_results_tab.txt	EC-BC-125_ResFinder_results_tab.txt
EC-BC-126	EC01SH19588021001	EC01SH19588021001	EC01SH19588021001	0	EC01SH19588021001-CATGCTTC_PointFinder_results.txt	EC-BC-126_PointFinder_results.txt	EC01SH19588021001-CATGCTTC_ResFinder_results_tab.txt	EC-BC-126_ResFinder_results_tab.txt
EC-BC-127	EC01SH19588021301	EC01SH19588021301	EC01SH19588021301	0	EC01SH19588021301-CTTGTCCA_PointFinder_results.txt	EC-BC-127_PointFinder_results.txt	EC01SH19588021301-CTTGTCCA_ResFinder_results_tab.txt	EC-BC-127_ResFinder_results_tab.txt
EC-BC-128	EC01SH19588022301	EC01SH19588022301	EC01SH19588022301	0	EC01SH19588022301-GAGACAGT_PointFinder_results.txt	EC-BC-128_PointFinder_results.txt	EC01SH19588022301-GAGACAGT_ResFinder_results_tab.txt	EC-BC-128_ResFinder_results_tab.txt
EC-BC-129	EC01SH19588022401	EC01SH19588022401	EC01SH19588022401	0	EC01SH19588022401-GACATCTG_PointFinder_results.txt	EC-BC-129_PointFinder_results.txt	EC01SH19588022401-GACATCTG_ResFinder_results_tab.txt	EC-BC-129_ResFinder_results_tab.txt
EC-BC-130	EC01SH19588024401	EC01SH19588024401	EC01SH19588024401	0	EC01SH19588024401-GAACTGCT_PointFinder_results.txt	EC-BC-130_PointFinder_results.txt	EC01SH19588024401-GAACTGCT_ResFinder_results_tab.txt	EC-BC-130_ResFinder_results_tab.txt
EC-BC-131	EC01SH19588027901	EC01SH19588027901	EC01SH19588027901	0	EC01SH19588027901-TGGTCATG_PointFinder_results.txt	EC-BC-131_PointFinder_results.txt	EC01SH19588027901-TGGTCATG_ResFinder_results_tab.txt	EC-BC-131_ResFinder_results_tab.txt
EC-BC-132	EC01SH19588028101	EC01SH19588028101	EC01SH19588028101	0	EC01SH19588028101-TGCACAAC_PointFinder_results.txt	EC-BC-132_PointFinder_results.txt	EC01SH19588028101-TGCACAAC_ResFinder_results_tab.txt	EC-BC-132_ResFinder_results_tab.txt
EC-BC-133	EC01SH19588028401	EC01SH19588028401	EC01SH19588028401	0	EC01SH19588028401-ACTGTGAC_PointFinder_results.txt	EC-BC-133_PointFinder_results.txt	EC01SH19588028401-ACTGTGAC_ResFinder_results_tab.txt	EC-BC-133_ResFinder_results_tab.txt
EC-BC-134	EC01SH19588028801	EC01SH19588028801	EC01SH19588028801	0	EC01SH19588028801-AACCGGTT_PointFinder_results.txt	EC-BC-134_PointFinder_results.txt	EC01SH19588028801-AACCGGTT_ResFinder_results_tab.txt	EC-BC-134_ResFinder_results_tab.txt
EC-BC-135	EC01SH19588031401	EC01SH19588031401	EC01SH19588031401	0	EC01SH19588031401-CTCTACAC_PointFinder_results.txt	EC-BC-135_PointFinder_results.txt	EC01SH19588031401-CTCTACAC_ResFinder_results_tab.txt	EC-BC-135_ResFinder_results_tab.txt
EC-BC-136	EC01SH19588031501	EC01SH19588031501	EC01SH19588031501	0	EC01SH19588031501-GCTATTCC_PointFinder_results.txt	EC-BC-136_PointFinder_results.txt	EC01SH19588031501-GCTATTCC_ResFinder_results_tab.txt	EC-BC-136_ResFinder_results_tab.txt
EC-BC-137	EC01SH19588031601	EC01SH19588031601	EC01SH19588031601	0	EC01SH19588031601-TGGTCTAG_PointFinder_results.txt	EC-BC-137_PointFinder_results.txt	EC01SH19588031601-TGGTCTAG_ResFinder_results_tab.txt	EC-BC-137_ResFinder_results_tab.txt
EC-BC-138	EC01SH19588032501	EC01SH19588032501	EC01SH19588032501	0	EC01SH19588032501-CGATCGAT_PointFinder_results.txt	EC-BC-138_PointFinder_results.txt	EC01SH19588032501-CGATCGAT_ResFinder_results_tab.txt	EC-BC-138_ResFinder_results_tab.txt
EC-BC-139	EC01SH19588033001	EC01SH19588033001	EC01SH19588033001	0	EC01SH19588033001-TGACTGAC_PointFinder_results.txt	EC-BC-139_PointFinder_results.txt	EC01SH19588033001-TGACTGAC_ResFinder_results_tab.txt	EC-BC-139_ResFinder_results_tab.txt
EC-BC-140	EC01SH19588033401	EC01SH19588033401	EC01SH19588033401	0	EC01SH19588033401-TAGCTACG_PointFinder_results.txt	EC-BC-140_PointFinder_results.txt	EC01SH19588033401-TAGCTACG_ResFinder_results_tab.txt	EC-BC-140_ResFinder_results_tab.txt
EC-BC-141	EC01SH19588038801	EC01SH19588038801	EC01SH19588038801	0	EC01SH19588038801-TGACGTGT_PointFinder_results.txt	EC-BC-141_PointFinder_results.txt	EC01SH19588038801-TGACGTGT_ResFinder_results_tab.txt	EC-BC-141_ResFinder_results_tab.txt
EC-BC-142	EC01SH19588046301	EC01SH19588046301	EC01SH19588046301	0	EC01SH19588046301-GAAGCTTC_PointFinder_results.txt	EC-BC-142_PointFinder_results.txt	EC01SH19588046301-GAAGCTTC_ResFinder_results_tab.txt	EC-BC-142_ResFinder_results_tab.txt
EC-BC-143	EC01SH19588048701	EC01SH19588048701	EC01SH19588048701	0	EC01SH19588048701-AACGTTGC_PointFinder_results.txt	EC-BC-143_PointFinder_results.txt	EC01SH19588048701-AACGTTGC_ResFinder_results_tab.txt	EC-BC-143_ResFinder_results_tab.txt
EC-BC-144	EC01SH19588048901	EC01SH19588048901	EC01SH19588048901	0	EC01SH19588048901-CGTAGCAT_PointFinder_results.txt	EC-BC-144_PointFinder_results.txt	EC01SH19588048901-CGTAGCAT_ResFinder_results_tab.txt	EC-BC-144_ResFinder_results_tab.txt
EC-FC-157	EC01SH19618001801	EC01SH19618001801	EC01SH19618001801	0	EC01SH19618001801-CGTAGCTA_PointFinder_results.txt	EC-FC-157_PointFinder_results.txt	EC01SH19618001801-CGTAGCTA_ResFinder_results_tab.txt	EC-FC-157_ResFinder_results_tab.txt
EC-FC-158	EC01SH19618002001	EC01SH19618002001	EC01SH19618002001	0	EC01SH19618002001-CAGTCAGT_PointFinder_results.txt	EC-FC-158_PointFinder_results.txt	EC01SH19618002001-CAGTCAGT_ResFinder_results_tab.txt	EC-FC-158_ResFinder_results_tab.txt
EC-FC-159	EC01SH19618002401	EC01SH19618002401	EC01SH19618002401	0	EC01SH19618002401-CAAGCTTG_PointFinder_results.txt	EC-FC-159_PointFinder_results.txt	EC01SH19618002401-CAAGCTTG_ResFinder_results_tab.txt	EC-FC-159_ResFinder_results_tab.txt
EC-FC-160	EC01SH19618002601	EC01SH19618002601	EC01SH19618002601	0	EC01SH19618002601-CTCTCAGT_PointFinder_results.txt	EC-FC-160_PointFinder_results.txt	EC01SH19618002601-CTCTCAGT_ResFinder_results_tab.txt	EC-FC-160_ResFinder_results_tab.txt
EC-FC-161	EC01SH19618005001	EC01SH19618005001	EC01SH19618005001	0	EC01SH19618005001-CTTCCATG_PointFinder_results.txt	EC-FC-161_PointFinder_results.txt	EC01SH19618005001-CTTCCATG_ResFinder_results_tab.txt	EC-FC-161_ResFinder_results_tab.txt
EC-FC-162	EC01SH19618005501	EC01SH19618005501	EC01SH19618005501	0	EC01SH19618005501-AGCTCTAG_PointFinder_results.txt	EC-FC-162_PointFinder_results.txt	EC01SH19618005501-AGCTCTAG_ResFinder_results_tab.txt	EC-FC-162_ResFinder_results_tab.txt
EC-FC-163	EC01SH19618005601	EC01SH19618005601	EC01SH19618005601	0	EC01SH19618005601-AGCTAGCT_PointFinder_results.txt	EC-FC-163_PointFinder_results.txt	EC01SH19618005601-AGCTAGCT_ResFinder_results_tab.txt	EC-FC-163_ResFinder_results_tab.txt
EC-FC-164	EC01SH19618006001	EC01SH19618006001	EC01SH19618006001	0	EC01SH19618006001-CTGTACAG_PointFinder_results.txt	EC-FC-164_PointFinder_results.txt	EC01SH19618006001-CTGTACAG_ResFinder_results_tab.txt	EC-FC-164_ResFinder_results_tab.txt
EC-FC-165	EC01SH19618007501	EC01SH19618007501	EC01SH19618007501	0	EC01SH19618007501-AGGAACGT_PointFinder_results.txt	EC-FC-165_PointFinder_results.txt	EC01SH19618007501-AGGAACGT_ResFinder_results_tab.txt	EC-FC-165_ResFinder_results_tab.txt
EC-FC-166	EC01SH19618008701	EC01SH19618008701	EC01SH19618008701	0	EC01SH19618008701-CTAGAGCT_PointFinder_results.txt	EC-FC-166_PointFinder_results.txt	EC01SH19618008701-CTAGAGCT_ResFinder_results_tab.txt	EC-FC-166_ResFinder_results_tab.txt
EC-FC-167	EC01SH19618010901	EC01SH19618010901	EC01SH19618010901	0	EC01SH19618010901-TACCATGG_PointFinder_results.txt	EC-FC-167_PointFinder_results.txt	EC01SH19618010901-TACCATGG_ResFinder_results_tab.txt	EC-FC-167_ResFinder_results_tab.txt
EC-FC-168	EC01SH19618011601	EC01SH19618011601	EC01SH19618011601	0	EC01SH19618011601-CACTAGAC_PointFinder_results.txt	EC-FC-168_PointFinder_results.txt	EC01SH19618011601-CACTAGAC_ResFinder_results_tab.txt	EC-FC-168_ResFinder_results_tab.txt
EC-FC-169	EC01SH19618011801	EC01SH19618011801	EC01SH19618011801	0	EC01SH19618011801-GCTTAACG_PointFinder_results.txt	EC-FC-169_PointFinder_results.txt	EC01SH19618011801-GCTTAACG_ResFinder_results_tab.txt	EC-FC-169_ResFinder_results_tab.txt
EC-FC-170	EC01SH19618012201	EC01SH19618012201	EC01SH19618012201	0	EC01SH19618012201-ATCCGGTA_PointFinder_results.txt	EC-FC-170_PointFinder_results.txt	EC01SH19618012201-ATCCGGTA_ResFinder_results_tab.txt	EC-FC-170_ResFinder_results_tab.txt
EC-FC-171	EC01SH19618012401	EC01SH19618012401	EC01SH19618012401	0	EC01SH19618012401-AGGTAGGT_PointFinder_results.txt	EC-FC-171_PointFinder_results.txt	EC01SH19618012401-AGGTAGGT_ResFinder_results_tab.txt	EC-FC-171_ResFinder_results_tab.txt
EC-FC-172	EC01SH19618012501	EC01SH19618012501	EC01SH19618012501	0	EC01SH19618012501-GACATCAC_PointFinder_results.txt	EC-FC-172_PointFinder_results.txt	EC01SH19618012501-GACATCAC_ResFinder_results_tab.txt	EC-FC-172_ResFinder_results_tab.txt
EC-FC-173	EC01SH19618013301	EC01SH19618013301	EC01SH19618013301	0	EC01SH19618013301-CCAATACG_PointFinder_results.txt	EC-FC-173_PointFinder_results.txt	EC01SH19618013301-CCAATACG_ResFinder_results_tab.txt	EC-FC-173_ResFinder_results_tab.txt
EC-FC-174	EC01SH19618015401	EC01SH19618015401	EC01SH19618015401	0	EC01SH19618015401-TACGAACC_PointFinder_results.txt	EC-FC-174_PointFinder_results.txt	EC01SH19618015401-TACGAACC_ResFinder_results_tab.txt	EC-FC-174_ResFinder_results_tab.txt
EC-FC-175	EC01SH19618015701	EC01SH19618015701	EC01SH19618015701	0	EC01SH19618015701-GGAAGCAT_PointFinder_results.txt	EC-FC-175_PointFinder_results.txt	EC01SH19618015701-GGAAGCAT_ResFinder_results_tab.txt	EC-FC-175_ResFinder_results_tab.txt
EC-FC-176	EC01SH19618016401	EC01SH19618016401	EC01SH19618016401	0	EC01SH19618016401-CTAGCTAG_PointFinder_results.txt	EC-FC-176_PointFinder_results.txt	EC01SH19618016401-CTAGCTAG_ResFinder_results_tab.txt	EC-FC-176_ResFinder_results_tab.txt
EC-FC-177	EC01SH19618016601	EC01SH19618016601	EC01SH19618016601	0	EC01SH19618016601-GCTTCCTA_PointFinder_results.txt	EC-FC-177_PointFinder_results.txt	EC01SH19618016601-GCTTCCTA_ResFinder_results_tab.txt	EC-FC-177_ResFinder_results_tab.txt
EC-FC-178	EC01SH19618017501	EC01SH19618017501	EC01SH19618017501	0	EC01SH19618017501-CTTCCAAC_PointFinder_results.txt	EC-FC-178_PointFinder_results.txt	EC01SH19618017501-CTTCCAAC_ResFinder_results_tab.txt	EC-FC-178_ResFinder_results_tab.txt
EC-FC-179	EC01SH19618017901	EC01SH19618017901	EC01SH19618017901	0	EC01SH19618017901-CCATATGG_PointFinder_results.txt	EC-FC-179_PointFinder_results.txt	EC01SH19618017901-CCATATGG_ResFinder_results_tab.txt	EC-FC-179_ResFinder_results_tab.txt
EC-FC-180	EC01SH19618018201	EC01SH19618018201	EC01SH19618018201	0	EC01SH19618018201-CTCTCACA_PointFinder_results.txt	EC-FC-180_PointFinder_results.txt	EC01SH19618018201-CTCTCACA_ResFinder_results_tab.txt	EC-FC-180_ResFinder_results_tab.txt
EC-FC-181	EC01SH19618018301	EC01SH19618018301	EC01SH19618018301	0	EC01SH19618018301-TCGATGGT_PointFinder_results.txt	EC-FC-181_PointFinder_results.txt	EC01SH19618018301-TCGATGGT_ResFinder_results_tab.txt	EC-FC-181_ResFinder_results_tab.txt
EC-FC-182	EC01SH19618019001	EC01SH19618019001	EC01SH19618019001	0	EC01SH19618019001-CTGTCAGA_PointFinder_results.txt	EC-FC-182_PointFinder_results.txt	EC01SH19618019001-CTGTCAGA_ResFinder_results_tab.txt	EC-FC-182_ResFinder_results_tab.txt
EC-FC-183	EC01SH19618019501	EC01SH19618019501	EC01SH19618019501	0	EC01SH19618019501-GTACTGCA_PointFinder_results.txt	EC-FC-183_PointFinder_results.txt	EC01SH19618019501-GTACTGCA_ResFinder_results_tab.txt	EC-FC-183_ResFinder_results_tab.txt
EC-FC-184	EC01SH19618020401	EC01SH19618020401	EC01SH19618020401	0	EC01SH19618020401-ACACGTCA_PointFinder_results.txt	EC-FC-184_PointFinder_results.txt	EC01SH19618020401-ACACGTCA_ResFinder_results_tab.txt	EC-FC-184_ResFinder_results_tab.txt
EC-FC-185	EC01SH19618020601	EC01SH19618020601	EC01SH19618020601	0	EC01SH19618020601-GAGTTCTG_PointFinder_results.txt	EC-FC-185_PointFinder_results.txt	EC01SH19618020601-GAGTTCTG_ResFinder_results_tab.txt	EC-FC-185_ResFinder_results_tab.txt
EC-FC-186	EC01SH19618021501	EC01SH19618021501	EC01SH19618021501	0	EC01SH19618021501-GCTACGAT_PointFinder_results.txt	EC-FC-186_PointFinder_results.txt	EC01SH19618021501-GCTACGAT_ResFinder_results_tab.txt	EC-FC-186_ResFinder_results_tab.txt
EC-FC-187	EC01SH19618026401	EC01SH19618026401	EC01SH19618026401	0	EC01SH19618026401-ATCGTAGC_PointFinder_results.txt	EC-FC-187_PointFinder_results.txt	EC01SH19618026401-ATCGTAGC_ResFinder_results_tab.txt	EC-FC-187_ResFinder_results_tab.txt
EC-FC-188	EC01SH19618028101	EC01SH19618028101	EC01SH19618028101	0	EC01SH19618028101-GTACCAAC_PointFinder_results.txt	EC-FC-188_PointFinder_results.txt	EC01SH19618028101-GTACCAAC_ResFinder_results_tab.txt	EC-FC-188_ResFinder_results_tab.txt
EC-FC-189	EC01SH19618028501	EC01SH19618028501	EC01SH19618028501	0	EC01SH19618028501-GAAGTCCT_PointFinder_results.txt	EC-FC-189_PointFinder_results.txt	EC01SH19618028501-GAAGTCCT_ResFinder_results_tab.txt	EC-FC-189_ResFinder_results_tab.txt
EC-FC-190	EC01SH19618028801	EC01SH19618028801	EC01SH19618028801	0	EC01SH19618028801-ACAGTCAC_PointFinder_results.txt	EC-FC-190_PointFinder_results.txt	EC01SH19618028801-ACAGTCAC_ResFinder_results_tab.txt	EC-FC-190_ResFinder_results_tab.txt
EC-FC-191	EC01SH19618035301	EC01SH19618035301	EC01SH19618035301	0	EC01SH19618035301-CAGTTGAC_PointFinder_results.txt	EC-FC-191_PointFinder_results.txt	EC01SH19618035301-CAGTTGAC_ResFinder_results_tab.txt	EC-FC-191_ResFinder_results_tab.txt
EC-FC-192	EC01SH19618035901	EC01SH19618035901	EC01SH19618035901	0	EC01SH19618035901-AACCTTGG_PointFinder_results.txt	EC-FC-192_PointFinder_results.txt	EC01SH19618035901-AACCTTGG_ResFinder_results_tab.txt	EC-FC-192_ResFinder_results_tab.txt
EC-RMB-198	EC01SH197040201	EC01SH197040201	EC01SH197040201	0	EC01SH197040201-CTAGCTAG_PointFinder_results.txt	EC-RMB-198_PointFinder_results.txt	EC01SH197040201-CTAGCTAG_ResFinder_results_tab.txt	EC-RMB-198_ResFinder_results_tab.txt
EC-RMC-199	EC2018AMR0059	EC2018AMR0059	EC2018AMR0059	0	EC2018AMR0059-AACCGGTT_PointFinder_results.txt	EC-RMC-199_PointFinder_results.txt	EC2018AMR0059-AACCGGTT_ResFinder_results_tab.txt	EC-RMC-199_ResFinder_results_tab.txt
EC-RMB-200	EC2018AMR0063	EC2018AMR0063	EC2018AMR0063	0	EC2018AMR0063-TAGGCCAT_PointFinder_results.txt	EC-RMB-200_PointFinder_results.txt	EC2018AMR0063-TAGGCCAT_ResFinder_results_tab.txt	EC-RMB-200_ResFinder_results_tab.txt
EC-RMC-201	EC2018AMR0064	EC2018AMR0064	EC2018AMR0064	0	EC2018AMR0064-GAACCATC_PointFinder_results.txt	EC-RMC-201_PointFinder_results.txt	EC2018AMR0064-GAACCATC_ResFinder_results_tab.txt	EC-RMC-201_ResFinder_results_tab.txt
EC-RMC-202	EC2018AMR0065	EC2018AMR0065	EC2018AMR0065	0	EC2018AMR0065-GCGCTATA_PointFinder_results.txt	EC-RMC-202_PointFinder_results.txt	EC2018AMR0065-GCGCTATA_ResFinder_results_tab.txt	EC-RMC-202_ResFinder_results_tab.txt
EC-RMB-203	EC2018AMR0066	EC2018AMR0066	EC2018AMR0066	0	EC2018AMR0066-CGTACGTA_PointFinder_results.txt	EC-RMB-203_PointFinder_results.txt	EC2018AMR0066-CGTACGTA_ResFinder_results_tab.txt	EC-RMB-203_ResFinder_results_tab.txt
EC-RMB-204	EC2018AMR0067	EC2018AMR0067	EC2018AMR0067	0	EC2018AMR0067-ACAGTCAC_PointFinder_results.txt	EC-RMB-204_PointFinder_results.txt	EC2018AMR0067-ACAGTCAC_ResFinder_results_tab.txt	EC-RMB-204_ResFinder_results_tab.txt
EC-RMC-205	EC2018AMR0070	EC2018AMR0070	EC2018AMR0070	0	EC2018AMR0070-ACCACATG_PointFinder_results.txt	EC-RMC-205_PointFinder_results.txt	EC2018AMR0070-ACCACATG_ResFinder_results_tab.txt	EC-RMC-205_ResFinder_results_tab.txt
EC-RMC-206	EC2018AMR0459	EC2018AMR0459	EC2018AMR0459	0	EC2018AMR0459-GGTTCCAA_PointFinder_results.txt	EC-RMC-206_PointFinder_results.txt	EC2018AMR0459-GGTTCCAA_ResFinder_results_tab.txt	EC-RMC-206_ResFinder_results_tab.txt
EC-RMC-207	EC2018AMR0470	EC2018AMR0470	EC2018AMR0470	0	EC2018AMR0470-TGCACTAG_PointFinder_results.txt	EC-RMC-207_PointFinder_results.txt	EC2018AMR0470-TGCACTAG_ResFinder_results_tab.txt	EC-RMC-207_ResFinder_results_tab.txt
EC-RMC-208	EC2018AMR0472	EC2018AMR0472	EC2018AMR0472	0	EC2018AMR0472-GAGACACA_PointFinder_results.txt	EC-RMC-208_PointFinder_results.txt	EC2018AMR0472-GAGACACA_ResFinder_results_tab.txt	EC-RMC-208_ResFinder_results_tab.txt
EC-RMB-209	EC2018AMR0584	EC2018AMR0584	EC2018AMR0584	0	EC2018AMR0584-CAGTCAGT_PointFinder_results.txt	EC-RMB-209_PointFinder_results.txt	EC2018AMR0584-CAGTCAGT_ResFinder_results_tab.txt	EC-RMB-209_ResFinder_results_tab.txt
EC-RMB-210	EC2018AMR0586	EC2018AMR0586	EC2018AMR0586	0	EC2018AMR0586-CTAGAGCT_PointFinder_results.txt	EC-RMB-210_PointFinder_results.txt	EC2018AMR0586-CTAGAGCT_ResFinder_results_tab.txt	EC-RMB-210_ResFinder_results_tab.txt
EC-RMC-211	EC2018AMR0592	EC2018AMR0592	EC2018AMR0592	0	EC2018AMR0592-CTCATGAG_PointFinder_results.txt	EC-RMC-211_PointFinder_results.txt	EC2018AMR0592-CTCATGAG_ResFinder_results_tab.txt	EC-RMC-211_ResFinder_results_tab.txt
EC-RMB-212	EC2018AMR0697	EC2018AMR0697	EC2018AMR0697	0	EC2018AMR0697-CTTCCATG_PointFinder_results.txt	EC-RMB-212_PointFinder_results.txt	EC2018AMR0697-CTTCCATG_ResFinder_results_tab.txt	EC-RMB-212_ResFinder_results_tab.txt
EC-RMC-213	EC2018AMR0702	EC2018AMR0702	EC2018AMR0702	0	EC2018AMR0702-CATGCTTC_PointFinder_results.txt	EC-RMC-213_PointFinder_results.txt	EC2018AMR0702-CATGCTTC_ResFinder_results_tab.txt	EC-RMC-213_ResFinder_results_tab.txt
EC-RMC-214	EC2018AMR0823	EC2018AMR0823	EC2018AMR0823	0	EC2018AMR0823-TGGTCTAG_PointFinder_results.txt	EC-RMC-214_PointFinder_results.txt	EC2018AMR0823-TGGTCTAG_ResFinder_results_tab.txt	EC-RMC-214_ResFinder_results_tab.txt
EC-RMB-215	EC2018AMR0826	EC2018AMR0826	EC2018AMR0826	0	EC2018AMR0826-CTCTCACA_PointFinder_results.txt	EC-RMB-215_PointFinder_results.txt	EC2018AMR0826-CTCTCACA_ResFinder_results_tab.txt	EC-RMB-215_ResFinder_results_tab.txt
EC-RMB-216	EC2018AMR0828	EC2018AMR0828	EC2018AMR0828	0	EC2018AMR0828-GCCGTATA_PointFinder_results.txt	EC-RMB-216_PointFinder_results.txt	EC2018AMR0828-GCCGTATA_ResFinder_results_tab.txt	EC-RMB-216_ResFinder_results_tab.txt
EC-RMB-217	EC2018AMR0841	EC2018AMR0841	EC2018AMR0841	0	EC2018AMR0841-GCTTAACG_PointFinder_results.txt	EC-RMB-217_PointFinder_results.txt	EC2018AMR0841-GCTTAACG_ResFinder_results_tab.txt	EC-RMB-217_ResFinder_results_tab.txt
EC-RMC-218	EC2018AMR0844	EC2018AMR0844	EC2018AMR0844	0	EC2018AMR0844-CAACCTAG_PointFinder_results.txt	EC-RMC-218_PointFinder_results.txt	EC2018AMR0844-CAACCTAG_ResFinder_results_tab.txt	EC-RMC-218_ResFinder_results_tab.txt
EC-RMC-219	EC2018AMR0943	EC2018AMR0943	EC2018AMR0943	0	EC2018AMR0943-GAACTGCT_PointFinder_results.txt	EC-RMC-219_PointFinder_results.txt	EC2018AMR0943-GAACTGCT_ResFinder_results_tab.txt	EC-RMC-219_ResFinder_results_tab.txt
EC-RMB-220	EC2018AMR0947	EC2018AMR0947	EC2018AMR0947	0	EC2018AMR0947-GGAAGCAT_PointFinder_results.txt	EC-RMB-220_PointFinder_results.txt	EC2018AMR0947-GGAAGCAT_ResFinder_results_tab.txt	EC-RMB-220_ResFinder_results_tab.txt
EC-RMB-221	EC2018AMR0956	EC2018AMR0956	EC2018AMR0956	0	EC2018AMR0956-CAGTTGAC_PointFinder_results.txt	EC-RMB-221_PointFinder_results.txt	EC2018AMR0956-CAGTTGAC_ResFinder_results_tab.txt	EC-RMB-221_ResFinder_results_tab.txt
EC-RMB-222	EC2018AMR0958	EC2018AMR0958	EC2018AMR0958	0	EC2018AMR0958-CTTCCAAC_PointFinder_results.txt	EC-RMB-222_PointFinder_results.txt	EC2018AMR0958-CTTCCAAC_ResFinder_results_tab.txt	EC-RMB-222_ResFinder_results_tab.txt
EC-RMC-223	EC2018AMR0964	EC2018AMR0964	EC2018AMR0964	0	EC2018AMR0964-CGTAGCAT_PointFinder_results.txt	EC-RMC-223_PointFinder_results.txt	EC2018AMR0964-CGTAGCAT_ResFinder_results_tab.txt	EC-RMC-223_ResFinder_results_tab.txt
EC-RMC-224	EC2018AMR1051	EC2018AMR1051	EC2018AMR1051	0	EC2018AMR1051-ATGCATGC_PointFinder_results.txt	EC-RMC-224_PointFinder_results.txt	EC2018AMR1051-ATGCATGC_ResFinder_results_tab.txt	EC-RMC-224_ResFinder_results_tab.txt
EC-RMB-225	EC2018AMR1054	EC2018AMR1054	EC2018AMR1054	0	EC2018AMR1054-ACACGTCA_PointFinder_results.txt	EC-RMB-225_PointFinder_results.txt	EC2018AMR1054-ACACGTCA_ResFinder_results_tab.txt	EC-RMB-225_ResFinder_results_tab.txt
EC-RMC-226	EC2018AMR1059	EC2018AMR1059	EC2018AMR1059	0	EC2018AMR1059-ATCCTAGG_PointFinder_results.txt	EC-RMC-226_PointFinder_results.txt	EC2018AMR1059-ATCCTAGG_ResFinder_results_tab.txt	EC-RMC-226_ResFinder_results_tab.txt
EC-RMC-227	EC2018AMR1188	EC2018AMR1188	EC2018AMR1188	0	EC2018AMR1188-CAACGTAC_PointFinder_results.txt	EC-RMC-227_PointFinder_results.txt	EC2018AMR1188-CAACGTAC_ResFinder_results_tab.txt	EC-RMC-227_ResFinder_results_tab.txt
EC-RMB-228	EC2018AMR1191	EC2018AMR1191	EC2018AMR1191	0	EC2018AMR1191-GCTTCCTA_PointFinder_results.txt	EC-RMB-228_PointFinder_results.txt	EC2018AMR1191-GCTTCCTA_ResFinder_results_tab.txt	EC-RMB-228_ResFinder_results_tab.txt
EC-RMC-229	EC2018AMR1206	EC2018AMR1206	EC2018AMR1206	0	EC2018AMR1206-CCTAATCC_PointFinder_results.txt	EC-RMC-229_PointFinder_results.txt	EC2018AMR1206-CCTAATCC_ResFinder_results_tab.txt	EC-RMC-229_ResFinder_results_tab.txt
EC-RMB-230	EC2018AMR1209	EC2018AMR1209	EC2018AMR1209	0	EC2018AMR1209-GTACTGCA_PointFinder_results.txt	EC-RMB-230_PointFinder_results.txt	EC2018AMR1209-GTACTGCA_ResFinder_results_tab.txt	EC-RMB-230_ResFinder_results_tab.txt
EC-RMC-231	EC2018AMR1211	EC2018AMR1211	EC2018AMR1211	0	EC2018AMR1211-GACATCTG_PointFinder_results.txt	EC-RMC-231_PointFinder_results.txt	EC2018AMR1211-GACATCTG_ResFinder_results_tab.txt	EC-RMC-231_ResFinder_results_tab.txt
EC-RMC-232	EC2018AMR1212	EC2018AMR1212	EC2018AMR1212	0	EC2018AMR1212-CTCTACAC_PointFinder_results.txt	EC-RMC-232_PointFinder_results.txt	EC2018AMR1212-CTCTACAC_ResFinder_results_tab.txt	EC-RMC-232_ResFinder_results_tab.txt
EC-RMB-233	EC2018AMR1317	EC2018AMR1317	EC2018AMR1317	0	EC2018AMR1317-TCGAGTTG_PointFinder_results.txt	EC-RMB-233_PointFinder_results.txt	EC2018AMR1317-TCGAGTTG_ResFinder_results_tab.txt	EC-RMB-233_ResFinder_results_tab.txt
EC-RMC-234	EC2018AMR1321	EC2018AMR1321	EC2018AMR1321	0	EC2018AMR1321-GTACAGCT_PointFinder_results.txt	EC-RMC-234_PointFinder_results.txt	EC2018AMR1321-GTACAGCT_ResFinder_results_tab.txt	EC-RMC-234_ResFinder_results_tab.txt
EC-RMB-235	EC2018AMR1493	EC2018AMR1493	EC2018AMR1493	0	EC2018AMR1493-CAAGCTTG_PointFinder_results.txt	EC-RMB-235_PointFinder_results.txt	EC2018AMR1493-CAAGCTTG_ResFinder_results_tab.txt	EC-RMB-235_ResFinder_results_tab.txt
EC-RMC-236	EC2018AMR1494	EC2018AMR1494	EC2018AMR1494	0	EC2018AMR1494-GATCAGCT_PointFinder_results.txt	EC-RMC-236_PointFinder_results.txt	EC2018AMR1494-GATCAGCT_ResFinder_results_tab.txt	EC-RMC-236_ResFinder_results_tab.txt
EC-RMB-237	EC2018AMR1495	EC2018AMR1495	EC2018AMR1495	0	EC2018AMR1495-GTACCAAC_PointFinder_results.txt	EC-RMB-237_PointFinder_results.txt	EC2018AMR1495-GTACCAAC_ResFinder_results_tab.txt	EC-RMB-237_ResFinder_results_tab.txt
EC-RMB-238	EC2018AMR1497	EC2018AMR1497	EC2018AMR1497	0	EC2018AMR1497-CCATATGG_PointFinder_results.txt	EC-RMB-238_PointFinder_results.txt	EC2018AMR1497-CCATATGG_ResFinder_results_tab.txt	EC-RMB-238_ResFinder_results_tab.txt
EC-RMC-239	EC2018AMR1498	EC2018AMR1498	EC2018AMR1498	0	EC2018AMR1498-TGGTGTAC_PointFinder_results.txt	EC-RMC-239_PointFinder_results.txt	EC2018AMR1498-TGGTGTAC_ResFinder_results_tab.txt	EC-RMC-239_ResFinder_results_tab.txt
EC-RMC-240	EC2018AMR1502	EC2018AMR1502	EC2018AMR1502	0	EC2018AMR1502-GTGTTGAC_PointFinder_results.txt	EC-RMC-240_PointFinder_results.txt	EC2018AMR1502-GTGTTGAC_ResFinder_results_tab.txt	EC-RMC-240_ResFinder_results_tab.txt
EC-RMC-241	EC2018AMR1505	EC2018AMR1505	EC2018AMR1505	0	EC2018AMR1505-AGTGTCTG_PointFinder_results.txt	EC-RMC-241_PointFinder_results.txt	EC2018AMR1505-AGTGTCTG_ResFinder_results_tab.txt	EC-RMC-241_ResFinder_results_tab.txt
EC-RMB-242	EC2018AMR1506	EC2018AMR1506	EC2018AMR1506	0	EC2018AMR1506-GATGCATC_PointFinder_results.txt	EC-RMB-242_PointFinder_results.txt	EC2018AMR1506-GATGCATC_ResFinder_results_tab.txt	EC-RMB-242_ResFinder_results_tab.txt
EC-RMB-243	EC2018AMR1509	EC2018AMR1509	EC2018AMR1509	0	EC2018AMR1509-ACACGTGT_PointFinder_results.txt	EC-RMB-243_PointFinder_results.txt	EC2018AMR1509-ACACGTGT_ResFinder_results_tab.txt	EC-RMB-243_ResFinder_results_tab.txt
EC-RMB-244	EC2018AMR1510	EC2018AMR1510	EC2018AMR1510	0	EC2018AMR1510-ACCTGTTC_PointFinder_results.txt	EC-RMB-244_PointFinder_results.txt	EC2018AMR1510-ACCTGTTC_ResFinder_results_tab.txt	EC-RMB-244_ResFinder_results_tab.txt
EC-RMC-245	EC2018AMR1511	EC2018AMR1511	EC2018AMR1511	0	EC2018AMR1511-GCTATTCC_PointFinder_results.txt	EC-RMC-245_PointFinder_results.txt	EC2018AMR1511-GCTATTCC_ResFinder_results_tab.txt	EC-RMC-245_ResFinder_results_tab.txt
EC-RMB-246	EC2018AMR1645	EC2018AMR1645	EC2018AMR1645	0	EC2018AMR1645-TACCATGG_PointFinder_results.txt	EC-RMB-246_PointFinder_results.txt	EC2018AMR1645-TACCATGG_ResFinder_results_tab.txt	EC-RMB-246_ResFinder_results_tab.txt
EC-RMB-247	EC2018AMR1649	EC2018AMR1649	EC2018AMR1649	0	EC2018AMR1649-GAAGTCCT_PointFinder_results.txt	EC-RMB-247_PointFinder_results.txt	EC2018AMR1649-GAAGTCCT_ResFinder_results_tab.txt	EC-RMB-247_ResFinder_results_tab.txt
EC-RMB-248	EC2018AMR1655	EC2018AMR1655	EC2018AMR1655	0	EC2018AMR1655-CTCTCAGT_PointFinder_results.txt	EC-RMB-248_PointFinder_results.txt	EC2018AMR1655-CTCTCAGT_ResFinder_results_tab.txt	EC-RMB-248_ResFinder_results_tab.txt
EC-RMC-249	EC2019AMR0080	EC2019AMR0080	EC2019AMR0080	0	EC2019AMR0080-GAGACAGT_PointFinder_results.txt	EC-RMC-249_PointFinder_results.txt	EC2019AMR0080-GAGACAGT_ResFinder_results_tab.txt	EC-RMC-249_ResFinder_results_tab.txt
EC-RMC-250	EC2019AMR0095	EC2019AMR0095	EC2019AMR0095	0	EC2019AMR0095-GCCGTTAA_PointFinder_results.txt	EC-RMC-250_PointFinder_results.txt	EC2019AMR0095-GCCGTTAA_ResFinder_results_tab.txt	EC-RMC-250_ResFinder_results_tab.txt
EC-RMC-251	EC2019AMR0096	EC2019AMR0096	EC2019AMR0096	0	EC2019AMR0096-GGATTAGG_PointFinder_results.txt	EC-RMC-251_PointFinder_results.txt	EC2019AMR0096-GGATTAGG_ResFinder_results_tab.txt	EC-RMC-251_ResFinder_results_tab.txt
EC-RMB-252	EC2019AMR0190	EC2019AMR0190	EC2019AMR0190	0	EC2019AMR0190-AAGGTTCC_PointFinder_results.txt	EC-RMB-252_PointFinder_results.txt	EC2019AMR0190-AAGGTTCC_ResFinder_results_tab.txt	EC-RMB-252_ResFinder_results_tab.txt
EC-RMB-253	EC2019AMR0193	EC2019AMR0193	EC2019AMR0193	0	EC2019AMR0193-CTGTCAGA_PointFinder_results.txt	EC-RMB-253_PointFinder_results.txt	EC2019AMR0193-CTGTCAGA_ResFinder_results_tab.txt	EC-RMB-253_ResFinder_results_tab.txt
EC-RMB-254	EC2019AMR0196	EC2019AMR0196	EC2019AMR0196	0	EC2019AMR0196-TGGTACGT_PointFinder_results.txt	EC-RMB-254_PointFinder_results.txt	EC2019AMR0196-TGGTACGT_ResFinder_results_tab.txt	EC-RMB-254_ResFinder_results_tab.txt
EC-RMB-255	EC2019AMR0289	EC2019AMR0289	EC2019AMR0289	0	EC2019AMR0289-AACCTTGG_PointFinder_results.txt	EC-RMB-255_PointFinder_results.txt	EC2019AMR0289-AACCTTGG_ResFinder_results_tab.txt	EC-RMB-255_ResFinder_results_tab.txt
EC-RMC-256	EC2019AMR0290	EC2019AMR0290	EC2019AMR0290	0	EC2019AMR0290-TAGCTACG_PointFinder_results.txt	EC-RMC-256_PointFinder_results.txt	EC2019AMR0290-TAGCTACG_ResFinder_results_tab.txt	EC-RMC-256_ResFinder_results_tab.txt
EC-RMB-257	EC2019AMR0292	EC2019AMR0292	EC2019AMR0292	0	EC2019AMR0292-ACCAACGT_PointFinder_results.txt	EC-RMB-257_PointFinder_results.txt	EC2019AMR0292-ACCAACGT_ResFinder_results_tab.txt	EC-RMB-257_ResFinder_results_tab.txt
EC-RMC-258	EC2019AMR0293	EC2019AMR0293	EC2019AMR0293	0	EC2019AMR0293-CACATGTG_PointFinder_results.txt	EC-RMC-258_PointFinder_results.txt	EC2019AMR0293-CACATGTG_ResFinder_results_tab.txt	EC-RMC-258_ResFinder_results_tab.txt
EC-RMC-259	EC2019AMR0297	EC2019AMR0297	EC2019AMR0297	0	EC2019AMR0297-CTTGTCCA_PointFinder_results.txt	EC-RMC-259_PointFinder_results.txt	EC2019AMR0297-CTTGTCCA_ResFinder_results_tab.txt	EC-RMC-259_ResFinder_results_tab.txt
EC-RMB-260	EC2019AMR0413	EC2019AMR0413	EC2019AMR0413	0	EC2019AMR0413-AGCTAGCT_PointFinder_results.txt	EC-RMB-260_PointFinder_results.txt	EC2019AMR0413-AGCTAGCT_ResFinder_results_tab.txt	EC-RMB-260_ResFinder_results_tab.txt
EC-RMB-261	EC2019AMR0431	EC2019AMR0431	EC2019AMR0431	0	EC2019AMR0431-ACTGACTG_PointFinder_results.txt	EC-RMB-261_PointFinder_results.txt	EC2019AMR0431-ACTGACTG_ResFinder_results_tab.txt	EC-RMB-261_ResFinder_results_tab.txt
EC-RMC-262	EC2019AMR0514	EC2019AMR0514	EC2019AMR0514	0	EC2019AMR0514-GAAGCTTC_PointFinder_results.txt	EC-RMC-262_PointFinder_results.txt	EC2019AMR0514-GAAGCTTC_ResFinder_results_tab.txt	EC-RMC-262_ResFinder_results_tab.txt
EC-RMB-263	EC2019AMR0518	EC2019AMR0518	EC2019AMR0518	0	EC2019AMR0518-GCTACGAT_PointFinder_results.txt	EC-RMB-263_PointFinder_results.txt	EC2019AMR0518-GCTACGAT_ResFinder_results_tab.txt	EC-RMB-263_ResFinder_results_tab.txt
EC-RMB-264	EC2019AMR0520	EC2019AMR0520	EC2019AMR0520	0	EC2019AMR0520-GACATCAC_PointFinder_results.txt	EC-RMB-264_PointFinder_results.txt	EC2019AMR0520-GACATCAC_ResFinder_results_tab.txt	EC-RMB-264_ResFinder_results_tab.txt
EC-RMC-265	EC2019AMR0521	EC2019AMR0521	EC2019AMR0521	0	EC2019AMR0521-TGGTCATG_PointFinder_results.txt	EC-RMC-265_PointFinder_results.txt	EC2019AMR0521-TGGTCATG_ResFinder_results_tab.txt	EC-RMC-265_ResFinder_results_tab.txt
EC-RMC-266	EC2019AMR0621	EC2019AMR0621	EC2019AMR0621	0	EC2019AMR0621-ACTGTGAC_PointFinder_results.txt	EC-RMC-266_PointFinder_results.txt	EC2019AMR0621-ACTGTGAC_ResFinder_results_tab.txt	EC-RMC-266_ResFinder_results_tab.txt
EC-RMC-267	EC2019AMR0627	EC2019AMR0627	EC2019AMR0627	0	EC2019AMR0627-GAGTTCAC_PointFinder_results.txt	EC-RMC-267_PointFinder_results.txt	EC2019AMR0627-GAGTTCAC_ResFinder_results_tab.txt	EC-RMC-267_ResFinder_results_tab.txt
EC-RMB-268	EC2019AMR0631	EC2019AMR0631	EC2019AMR0631	0	EC2019AMR0631-TCGATGGT_PointFinder_results.txt	EC-RMB-268_PointFinder_results.txt	EC2019AMR0631-TCGATGGT_ResFinder_results_tab.txt	EC-RMB-268_ResFinder_results_tab.txt
EC-RMC-269	EC2019AMR0634	EC2019AMR0634	EC2019AMR0634	0	EC2019AMR0634-TGCACAAC_PointFinder_results.txt	EC-RMC-269_PointFinder_results.txt	EC2019AMR0634-TGCACAAC_ResFinder_results_tab.txt	EC-RMC-269_ResFinder_results_tab.txt
EC-RMB-270	EC2019AMR0740	EC2019AMR0740	EC2019AMR0740	0	EC2019AMR0740-CGTAGCTA_PointFinder_results.txt	EC-RMB-270_PointFinder_results.txt	EC2019AMR0740-CGTAGCTA_ResFinder_results_tab.txt	EC-RMB-270_ResFinder_results_tab.txt
EC-RMC-271	EC2019AMR0741	EC2019AMR0741	EC2019AMR0741	0	EC2019AMR0741-CGATCGAT_PointFinder_results.txt	EC-RMC-271_PointFinder_results.txt	EC2019AMR0741-CGATCGAT_ResFinder_results_tab.txt	EC-RMC-271_ResFinder_results_tab.txt
EC-RMC-272	EC2019AMR0743	EC2019AMR0743	EC2019AMR0743	0	EC2019AMR0743-GTGAACAG_PointFinder_results.txt	EC-RMC-272_PointFinder_results.txt	EC2019AMR0743-GTGAACAG_ResFinder_results_tab.txt	EC-RMC-272_ResFinder_results_tab.txt
EC-RMB-273	EC2019AMR0750	EC2019AMR0750	EC2019AMR0750	0	EC2019AMR0750-CCAATACG_PointFinder_results.txt	EC-RMB-273_PointFinder_results.txt	EC2019AMR0750-CCAATACG_ResFinder_results_tab.txt	EC-RMB-273_ResFinder_results_tab.txt
EC-RMB-274	EC2019AMR0756	EC2019AMR0756	EC2019AMR0756	0	EC2019AMR0756-TGACCACA_PointFinder_results.txt	EC-RMB-274_PointFinder_results.txt	EC2019AMR0756-TGACCACA_ResFinder_results_tab.txt	EC-RMB-274_ResFinder_results_tab.txt
EC-RMC-275	EC2019AMR0851	EC2019AMR0851	EC2019AMR0851	0	EC2019AMR0851-TGACGTGT_PointFinder_results.txt	EC-RMC-275_PointFinder_results.txt	EC2019AMR0851-TGACGTGT_ResFinder_results_tab.txt	EC-RMC-275_ResFinder_results_tab.txt
EC-RMB-276	EC2019AMR0854	EC2019AMR0854	EC2019AMR0854	0	EC2019AMR0854-ATCCGGTA_PointFinder_results.txt	EC-RMB-276_PointFinder_results.txt	EC2019AMR0854-ATCCGGTA_ResFinder_results_tab.txt	EC-RMB-276_ResFinder_results_tab.txt
EC-RMB-277	EC2019AMR0967	EC2019AMR0967	EC2019AMR0967	0	EC2019AMR0967-CTGTACAG_PointFinder_results.txt	EC-RMB-277_PointFinder_results.txt	EC2019AMR0967-CTGTACAG_ResFinder_results_tab.txt	EC-RMB-277_ResFinder_results_tab.txt
EC-RMB-278	EC2019AMR0969	EC2019AMR0969	EC2019AMR0969	0	EC2019AMR0969-AGGTAGGT_PointFinder_results.txt	EC-RMB-278_PointFinder_results.txt	EC2019AMR0969-AGGTAGGT_ResFinder_results_tab.txt	EC-RMB-278_ResFinder_results_tab.txt
EC-RMC-279	EC2019AMR0971	EC2019AMR0971	EC2019AMR0971	0	EC2019AMR0971-ACCAAGGA_PointFinder_results.txt	EC-RMC-279_PointFinder_results.txt	EC2019AMR0971-ACCAAGGA_ResFinder_results_tab.txt	EC-RMC-279_ResFinder_results_tab.txt
EC-RMB-280	EC2019AMR1073	EC2019AMR1073	EC2019AMR1073	0	EC2019AMR1073-CACTAGAC_PointFinder_results.txt	EC-RMB-280_PointFinder_results.txt	EC2019AMR1073-CACTAGAC_ResFinder_results_tab.txt	EC-RMB-280_ResFinder_results_tab.txt
EC-RMC-281	EC2019AMR1078	EC2019AMR1078	EC2019AMR1078	0	EC2019AMR1078-GACTTCAG_PointFinder_results.txt	EC-RMC-281_PointFinder_results.txt	EC2019AMR1078-GACTTCAG_ResFinder_results_tab.txt	EC-RMC-281_ResFinder_results_tab.txt
EC-RMC-282	EC2019AMR1091	EC2019AMR1091	EC2019AMR1091	0	EC2019AMR1091-GTGTCACA_PointFinder_results.txt	EC-RMC-282_PointFinder_results.txt	EC2019AMR1091-GTGTCACA_ResFinder_results_tab.txt	EC-RMC-282_ResFinder_results_tab.txt
EC-RMC-283	EC2019AMR1097	EC2019AMR1097	EC2019AMR1097	0	EC2019AMR1097-TCCAAGGT_PointFinder_results.txt	EC-RMC-283_PointFinder_results.txt	EC2019AMR1097-TCCAAGGT_ResFinder_results_tab.txt	EC-RMC-283_ResFinder_results_tab.txt
EC-RMB-284	EC2019AMR1176	EC2019AMR1176	EC2019AMR1176	0	EC2019AMR1176-TACGAACC_PointFinder_results.txt	EC-RMB-284_PointFinder_results.txt	EC2019AMR1176-TACGAACC_ResFinder_results_tab.txt	EC-RMB-284_ResFinder_results_tab.txt
EC-RMC-285	EC2019AMR1183	EC2019AMR1183	EC2019AMR1183	0	EC2019AMR1183-AGTGGTCT_PointFinder_results.txt	EC-RMC-285_PointFinder_results.txt	EC2019AMR1183-AGTGGTCT_ResFinder_results_tab.txt	EC-RMC-285_ResFinder_results_tab.txt
EC-RMC-286	EC2019AMR1186	EC2019AMR1186	EC2019AMR1186	0	EC2019AMR1186-AACGTTGC_PointFinder_results.txt	EC-RMC-286_PointFinder_results.txt	EC2019AMR1186-AACGTTGC_ResFinder_results_tab.txt	EC-RMC-286_ResFinder_results_tab.txt
EC-RMB-287	EC2019AMR1187	EC2019AMR1187	EC2019AMR1187	0	EC2019AMR1187-AGGAACGT_PointFinder_results.txt	EC-RMB-287_PointFinder_results.txt	EC2019AMR1187-AGGAACGT_ResFinder_results_tab.txt	EC-RMB-287_ResFinder_results_tab.txt
				0				